-- phpMyAdmin SQL Dump
-- version 4.7.4
-- https://www.phpmyadmin.net/
--
-- Host: localhost
-- Generation Time: Jun 20, 2019 at 06:36 PM
-- Server version: 5.7.26-0ubuntu0.16.04.1
-- PHP Version: 7.1.29-1+ubuntu16.04.1+deb.sury.org+1

SET SQL_MODE = "NO_AUTO_VALUE_ON_ZERO";
SET AUTOCOMMIT = 0;
START TRANSACTION;
SET time_zone = "+00:00";


/*!40101 SET @OLD_CHARACTER_SET_CLIENT=@@CHARACTER_SET_CLIENT */;
/*!40101 SET @OLD_CHARACTER_SET_RESULTS=@@CHARACTER_SET_RESULTS */;
/*!40101 SET @OLD_COLLATION_CONNECTION=@@COLLATION_CONNECTION */;
/*!40101 SET NAMES utf8mb4 */;

--
-- Database: `appResto`
--

-- --------------------------------------------------------

--
-- Table structure for table `clientes`
--

CREATE TABLE `clientes` (
  `id_cliente` int(11) NOT NULL,
  `nombre_completo` varchar(100) NOT NULL,
  `dni` int(11) DEFAULT NULL,
  `email` varchar(50) DEFAULT NULL,
  `foto` text NOT NULL,
  `habilitado` int(11) NOT NULL DEFAULT '0',
  `date_created` timestamp NOT NULL DEFAULT CURRENT_TIMESTAMP,
  `last_modified` timestamp NOT NULL DEFAULT CURRENT_TIMESTAMP ON UPDATE CURRENT_TIMESTAMP
) ENGINE=InnoDB DEFAULT CHARSET=latin1;

--
-- Dumping data for table `clientes`
--

INSERT INTO `clientes` (`id_cliente`, `nombre_completo`, `dni`, `email`, `foto`, `habilitado`, `date_created`, `last_modified`) VALUES
(2, 'Emilio Perez Reverte', NULL, NULL, '', 0, '0000-00-00 00:00:00', '0000-00-00 00:00:00'),
(3, 'Juan Carlos Z.', 4344433, 'bla@a.com', '', 1, '0000-00-00 00:00:00', '2019-06-15 17:20:31'),
(4, 'Juan Ramirez', NULL, NULL, '', 0, '0000-00-00 00:00:00', '0000-00-00 00:00:00'),
(5, 'Emilia Estefan', NULL, 'emilia@e.com', '', 0, '0000-00-00 00:00:00', '0000-00-00 00:00:00'),
(6, 'Maria Laura', NULL, NULL, '', 0, '0000-00-00 00:00:00', '0000-00-00 00:00:00'),
(7, 'facu', 1234, 'juan@cliente.com', 'as asd sa ads asd', 0, '2019-06-04 01:25:46', '2019-06-20 12:42:29'),
(8, 'sdasd', 1234, 'esteban@cliente.com', 'iVBORw0KGgoAAAANSUhEUgAAABsAAAAbCAYAAACN1PRVAAAAGXRFWHRTb2Z0d2FyZQBBZG9iZSBJbWFnZVJlYWR5ccllPAAAB8BJREFUeNqEVltsXFcV3edx79x5+B2P33ZSOSVpk7SGQqKksqhACKkVagsCSqWCBEIiSDwEUiWq/vABHxAeP4Wf8AGoH/1Aikp5qipVCYQWGhMCqZ3YieP4NZ7xeDyeO/dxHqxzB1QVovZa1pyZe87Ze6+19jqH/fQ3r5OUnFbXQnrjWoUsUzQ9OURKR9SKLO2FET9+7F0D86vhqZVKdaJSa4zHSVrs7cpX+rq7Ku87NPb6/NWli0HA1XoltofvGKDzc8v04KOzdHB6jJJE0X8fSbd5OGeUl8K7tbE32UrtV3987i8zeZY/qRknxj3izKdG01CjvkOLy5UVztPXDo+Xn8Oy5z3J25bI3m7f/wsmsCIM1eDadvv0lVvtR0kEx3yvhzRX2RbWJqjefXIin2MsJxLjT8ytxHf1+PYrxbXm077kL2Er/Y7BrLXTF5e2vra1R094OVkQ3JBVgljKSXmapJWklCWNsdCGPOOT73kUi/ahXW3p8s32GY/oDCp8QUhWY4qRMfatwRjLPu5crYZPtqj0RM7DVNMmYQUZLkkLBDIRdQPGiXFw6iOYsLS7o+nWRpOkZwlpIVk6Zkxw9pfP/+HsWH/v6ZkjU2bmrikkqDvBpMgiDa/uqK+HtudTxJAX4JLEyWC11mmGyUdOTtPjD91Hwz0OT6zhgl549QZ99+cXyCQMy0QHPe7LnV15p29aj1mlnhUOLyQireHUbMbiH0vV0/WEfzqQzGeUYpEixVIIwqdUK7rnwD763EffS6UceFKhy8cxjPeIazBiAQaajDBQYEyeV3hgo5WKSjWcz+e8vybQgtSpoLXNdGJ+JfykF0hfsATQuVAJGbSEMU6eRAdH8tSTt5SmGmosUD2MqeQp2m0kpMEpBw6Mu3eoAesUkIlJzM5dqz91x79WHm+1k1CW+4vst39a/LLnFUckj4g56FAJk34WBTBQDun7Xuk/kkLFmtFTP3qR0iSgWr0F7jhUDABRIrcusFOpIdRKq/Xdh1+ZW5qaOTR1RTIu+lbrraNCFkvaCEcxspNAWaAKRjnQTnFMCTcd2FAzw6YLSy1qREhEtinnQ0SohENlVlFWpRYxuXRD0klE6lRvT2lBXlyqvgdN/AFCJuhm4J5kG3L0kbUFuv/IKPV3Czqyv9f1RZa5xqaPPDBBLZ3DdE2X/rlOK7vaNSkFWT+2KcWcNmgNlO83avzzFy5tPCs3tmrDDNJ2WTH0DfCDPPAdZAvbpMcevJ8OT/aRE7ZJnAAkVKXpix87kaG61iD6xjIgrVWpkAtIxxbJepTpGwU4iJutcHxhaTngW/XWKCGYk5SwESDQIBrZQ9oBmtWmTpmoVsduNSmozUBBqU2zYIvLm7S1XSfPl1mLcKxlzCUvALrJWiexPN+MlOBKa6/DvAHOAaU8Rzq1hJ4liYWVPU3XqhFttTLK0NhQXOYone5ZrdRou5F21Ig/x6yFKi2L3Mghjxy5YcKzsrsY1KqN2P0AcqFFbtEjmAG3jlUPff8nf6Y2tnrk1BR94eMzAEBRI7H0pW//gmoJUYrdgyCfNbjj2gnMgg6ec2aA/VzvG/QryOGj5b51kLFpkTaX6BnRpgTHjJEM5mupHbeonaQUMS+rXkCxIrC0HUlqQgGxgklJCMcZAaRoEZS4g9/VhUjwxUIu1xgbGkr4QG/vK6m1fwOIxHVAvsqTUOg1LFJYzPwuQCfxm8qCweUpiVquz5ExjhztTK1zZjFQgMLBGdyC8hASp8SopL/X+9XJeycifmXh6nYpgNDh5inU4/CWNqsTm8EFAImPCl2TOl+JochMqS40EGBoF3g0aeP0irF0zMUoCLCBDa2s31PQPzswUkj4iaNT9uTh0TPtKF7UaFyAh4mAUcO2IFKXQBsbppllYzOmMcOHbzp+00wSKRJ1DsIRwMA3nadqz2RcDxaLzwx2FRYvXr5BgLGLxgcL5we62BugBhOhKuFO405lXmZD4ETxzNEBYtbYDBxyJeGdGEtJHYYMrhh5jHzq1E57+7rVrz0pqnGCdQIZHpgsJ7Mz40/7TM1ZBycORLI5iAGCBjwBeO5y9g4eWIDDMueUF5Fb67tNgYRGH7r+Mo5DrEVOq0NF/szM3eWXvQKjUrfsnGcxnHx4oPT3gyP+N5dW60+S7DnuLMm1pVOThfXfrDXotfl12sMhqCJNMZTgAHUMCcxJ4fSJQwBJScApbeuP/QH/TpKkzbdcC5y1pMqYrrx3bnLQ91e2o9OaB7PuzuHchESOLlzdpks3z6OegEoIGCUlwBJm4DFcB5g7jvBNp8mmx1q//9AH7zk7NjJU9T12+zuI0sZ0l4LnjvYG9cs39yi2/qxTpoQ5J7CzFI1uzR4Qglqderg7yVEpdw3sG0gmHO5mZyX3flAu79sanxiiKH7zKsf/98KDCu2B8b7fPXx89DNl0fxsMWALMTNGoa8VuLCiAG8soQlylECiYQo4cXQP5uUP93fHnzhxtO9buBBtpfjdHbRGv/l/23uj8zPweP3dd48u11rhS5eX9wYmyuUPN9vRQ61YleGnQd6TtcCX26P7hl+s72yd218Obi1vRDV6m0e+3UsHq9b2uueJ6/cd23/pxurm91bWK34YJ3y4r5gODfan7793On351TkdRim90/NvAQYA0+n6ZoD75DcAAAAASUVORK5CYII=', 0, '2019-06-04 01:30:03', '2019-06-20 12:42:26'),
(9, 'asdasdsada', 0, 'lalal@lala.com', 'iVBORw0KGgoAAAANSUhEUgAAABkAAAAZCAYAAADE6YVjAAAAGXRFWHRTb2Z0d2FyZQBBZG9iZSBJbWFnZVJlYWR5ccllPAAAAytJREFUeNqslu1LU1Ecx8+9u5ube+waKmZF4HOMUtJZaKZplCiB0htfKBUUhEUvqzf9BVFvehNBFkFEkj0goWWQQoi0+RBOMuesrVzNzT25uwfvvf0O3NEau3eV+8GH++L8zvd77jm/80CMt2xDElEFdAKNQAmwHaCAOPAT+Ay8BYYbx7w2MRFCxGQncAXoAQwoc7iAAeAGmK2lNpJpOnQIo7vwlwY4CoVBjU4cpRsymfQCj4Wp+Z+oBp6D0XExkzbgNpCLthY0cB+MalJNCgUDDcpO5GM9MNIkm1wGSlF2ox44naiuXfCdAgrSZQaqmlB+Q4dn3b4gizttet3COy60p4bkVFqCrm31hFwOSjlyR4e10nS3AodwzR8TMwAxVNTS5TG2dtLhNVd0euSZNxQJ0tig9tzVkEqr17gdK8yibWZTvTQlF9lnR7BJs9Q/7ygpz6G0BkKnNSj3Hm5jLZ4fger2U0S+sQ6PHvndrgjieVJCoh2blEmZTA895EyqXEa3u1SVV2ZU1/ecj+j2VCj5zRgKOe3RZfMky3OsTEKikhQqK21o7BaO+2rVWYafMDGfhyUoBcIGuC3osEWmnj4IB+cnacjjpTYqNlFKJODOPLM0ZyBl1O+F5XkkUyjJqHs1h2SCiTyxUGITv0QCyWlo9mD/dUaup0kuyggnHoFyC4oVpt6LvPpAmydDKfuxiVMigajsPhuiy/erYd6Rb+XThnlwwLPhXI4RlBzlVVariyqMWIOV0HDghf8INIllRJgwF3F/Z6MBX2x29EUsvDid5/9m95q6+zQESRLxWJQXjn+xMOPGEaBfLGNlbEi1ap0JyOQKPjI7TuvsFhSQUfr5iTc+djOO1q1mlTb9RsQRBV7iHQ85aALYJ5LIJR0/iQVOiIYynHejwAncGZfHTanFT16jlONDyoAVLjEuIfAIGMryAXkXeJ08yhhwCZjJkgG+Wa/BX/CpU+EU7vQPWzQYA/rAwCt2/S4Ir5N7GWo/bbUDt4AuMPhj71EiL48zwKDwmGjOcCXjwnmFb0IQH/+XJ1Fy1AEnARNQLBji0v0CvMcPBxCfkxL4JcAA4R4dVbacepQAAAAASUVORK5CYII=', 0, '2019-06-04 01:33:33', '2019-06-04 01:33:33'),
(10, 'pepe', 4873, 'pepe@pepe.pepe', 'iVBORw0KGgoAAAANSUhEUgAAAB8AAABACAYAAADidqwbAAAAGXRFWHRTb2Z0d2FyZQBBZG9iZSBJbWFnZVJlYWR5ccllPAAAAqFJREFUeNrEmc1LG0EYxierp1J6laglB1u/UgjkIGnRYg89FPwMxGOEHnqwHizJtdg/IIEExIOeGnoLFIpYxHjwqGihOYigeIhKwT/Ai4L2fTezsIibzMy+M/PAQyBk+b2TnXlm3t1IMplkmuWAu8Ex8CB4nH8/06kJ+AQ8Bv4ETgf9iBIeAePfuAyeFLmgkwj6Bvwd3CdzYVj4C/AGv5dKk0FFWPQa+FQVrDryXvAhuItiGchoCnxBAZaFfwb/og4AEeHyWdGRPu00C/6mK/paqR/8U2fuBukZ+I/u0A9agvvgpzbg5TDhEQaO93mBGZDzyCbxmxnSQ/i47M5EBcdRrzOD8sOTJkf9EL7MDMvxnbkmbcHfqVycSCRYPp8PDf+ocnG9Xme1Wk25AIfP8rRq9VhAo9FgmUxGCd4T9t5Vq1X3U7YAh3cSjKKAWCzmzgMZ+Cuq2VsoFFg2mxUuAOGjlMsnl8u5BYjCh6jXLxZQLBaF4L06AkSkAIfqDK5SgMM0q1KpBIYQwq90wjGE4vF4IPxSJxxHXSqVAuHHusCYeBi9OPog+J4usD96g+B/qcGYcBi1rcBec9CgHjGCMWpFHg78o4SnUil3fYvG6x1VM4iBIgr2h8wP02A/fNs02A+/Bm+phghGqIoivmevI7wtllpSXoSqyP8o7IA1nzQ9l8ltqo7lHjxvq11C7YLPbMFx9NO24Kgj8KotOOqL7kNGK/gNX3pW4Khz8JwtuHsWAC/qgndEo9F2vzngYfTW9Mg9fQUv2YKjytRzQLZpqPKW+soG3FsFuPms24CjblnzbeFAmL0gbK92An4Jfs+3Y6NwbzPa4XPhtcyJiLJLvefdzwfWfEkw0a4QXW+R8Uy4ye29wsbbM4xHe9Z84pn+L8AAOUqROYAIQpIAAAAASUVORK5CYII=', 0, '2019-06-04 01:37:01', '2019-06-04 01:37:01'),
(11, 'ASDAD', 0, 'ASDA@DAS.COM', 'iVBORw0KGgoAAAANSUhEUgAAABkAAAAZCAYAAADE6YVjAAAAGXRFWHRTb2Z0d2FyZQBBZG9iZSBJbWFnZVJlYWR5ccllPAAAAytJREFUeNqslu1LU1Ecx8+9u5ube+waKmZF4HOMUtJZaKZplCiB0htfKBUUhEUvqzf9BVFvehNBFkFEkj0goWWQQoi0+RBOMuesrVzNzT25uwfvvf0O3NEau3eV+8GH++L8zvd77jm/80CMt2xDElEFdAKNQAmwHaCAOPAT+Ay8BYYbx7w2MRFCxGQncAXoAQwoc7iAAeAGmK2lNpJpOnQIo7vwlwY4CoVBjU4cpRsymfQCj4Wp+Z+oBp6D0XExkzbgNpCLthY0cB+MalJNCgUDDcpO5GM9MNIkm1wGSlF2ox44naiuXfCdAgrSZQaqmlB+Q4dn3b4gizttet3COy60p4bkVFqCrm31hFwOSjlyR4e10nS3AodwzR8TMwAxVNTS5TG2dtLhNVd0euSZNxQJ0tig9tzVkEqr17gdK8yibWZTvTQlF9lnR7BJs9Q/7ygpz6G0BkKnNSj3Hm5jLZ4fger2U0S+sQ6PHvndrgjieVJCoh2blEmZTA895EyqXEa3u1SVV2ZU1/ecj+j2VCj5zRgKOe3RZfMky3OsTEKikhQqK21o7BaO+2rVWYafMDGfhyUoBcIGuC3osEWmnj4IB+cnacjjpTYqNlFKJODOPLM0ZyBl1O+F5XkkUyjJqHs1h2SCiTyxUGITv0QCyWlo9mD/dUaup0kuyggnHoFyC4oVpt6LvPpAmydDKfuxiVMigajsPhuiy/erYd6Rb+XThnlwwLPhXI4RlBzlVVariyqMWIOV0HDghf8INIllRJgwF3F/Z6MBX2x29EUsvDid5/9m95q6+zQESRLxWJQXjn+xMOPGEaBfLGNlbEi1ap0JyOQKPjI7TuvsFhSQUfr5iTc+djOO1q1mlTb9RsQRBV7iHQ85aALYJ5LIJR0/iQVOiIYynHejwAncGZfHTanFT16jlONDyoAVLjEuIfAIGMryAXkXeJ08yhhwCZjJkgG+Wa/BX/CpU+EU7vQPWzQYA/rAwCt2/S4Ir5N7GWo/bbUDt4AuMPhj71EiL48zwKDwmGjOcCXjwnmFb0IQH/+XJ1Fy1AEnARNQLBji0v0CvMcPBxCfkxL4JcAA4R4dVbacepQAAAAASUVORK5CYII=', 0, '2019-06-04 22:08:37', '2019-06-04 22:08:37'),
(12, 'sdsdffsfs', 0, 'facu@facu,facu', '', 0, '2019-06-05 15:27:42', '2019-06-05 15:27:42'),
(13, 'ajsbdajbdo', 248, 'asdasd@das.com', '', 0, '2019-06-19 02:14:51', '2019-06-19 02:14:51'),
(15, 'efe', 123, 'saiegh@gmail.com', '', 1, '2019-06-20 15:15:13', '2019-06-20 15:15:29'),
(16, 'Laura', 63456789, 'lau@cliente.com', '', 0, '2019-06-20 18:34:15', '2019-06-20 18:34:15');

-- --------------------------------------------------------

--
-- Table structure for table `cliente_visita`
--

CREATE TABLE `cliente_visita` (
  `id_cliente_visita` int(11) NOT NULL,
  `id_cliente` int(11) NOT NULL,
  `id_mesa` int(11) NOT NULL,
  `fecha` date NOT NULL,
  `comensales` int(11) NOT NULL,
  `mozo` int(3) NOT NULL,
  `date_created` timestamp NOT NULL DEFAULT CURRENT_TIMESTAMP,
  `last_modified` timestamp NOT NULL DEFAULT CURRENT_TIMESTAMP ON UPDATE CURRENT_TIMESTAMP
) ENGINE=InnoDB DEFAULT CHARSET=latin1;

--
-- Dumping data for table `cliente_visita`
--

INSERT INTO `cliente_visita` (`id_cliente_visita`, `id_cliente`, `id_mesa`, `fecha`, `comensales`, `mozo`, `date_created`, `last_modified`) VALUES
(19, 13, 1, '2019-06-18', 3, 4, '2019-06-19 02:14:51', '2019-06-19 02:14:51');

-- --------------------------------------------------------

--
-- Table structure for table `empleados`
--

CREATE TABLE `empleados` (
  `id_empleado` int(11) NOT NULL,
  `usuario` varchar(50) DEFAULT NULL,
  `email` varchar(50) DEFAULT NULL,
  `nombre_completo` varchar(100) DEFAULT NULL,
  `fecha_nac` timestamp NULL DEFAULT NULL,
  `dni` int(11) NOT NULL,
  `id_rol` int(11) NOT NULL,
  `fecha_ingreso` timestamp NOT NULL DEFAULT CURRENT_TIMESTAMP,
  `fecha_egreso` timestamp NULL DEFAULT NULL,
  `sueldo` decimal(10,0) DEFAULT NULL,
  `clave` varchar(50) DEFAULT NULL,
  `habilitado` int(11) DEFAULT NULL,
  `foto` text NOT NULL
) ENGINE=InnoDB DEFAULT CHARSET=latin1;

--
-- Dumping data for table `empleados`
--

INSERT INTO `empleados` (`id_empleado`, `usuario`, `email`, `nombre_completo`, `fecha_nac`, `dni`, `id_rol`, `fecha_ingreso`, `fecha_egreso`, `sueldo`, `clave`, `habilitado`, `foto`) VALUES
(1, 'dolinuck', 'dolinuck@gmail.com', 'Daro', '1980-05-05 04:00:00', 343434343, 1, '2019-06-05 04:00:00', '2019-06-05 04:00:00', '34', '1234', 1, 'data:image/png;base64,iVBORw0KGgoAAAANSUhEUgAAAOEAAADhCAMAAAAJbSJIAAAAMFBMVEXFxcX////CwsLGxsb7+/vT09PJycn19fXq6urb29vOzs7w8PDe3t7n5+f5+fnt7e2uCwolAAAFHUlEQVR4nO2dC5qqMAyFMTwUFNz/bq+VYYrKKJCkOfXmXwHna5uTpA+KwnEcx3Ecx3Ecx3Ecx3Ecx3Ecx3Ecx3Ecx3EcA2iO9cdIc5PUdO2l78+BU39p66b4HplE3eU6VIcnqmNfl1+gksr6+iIucr50WYukor7+re6Hoe1y1UhNO3zUd+fUFRmKpOa0Tt6dY5ubRCouG/QFzk1WGmnt/JxzykcjdZ/jyxJDLlOV2l36AtcsJJb9boG3YcR3DuqODIE3LtYKPkDdmwRmpUToUaSaq++AvRgZMWbOubQW8hdCAm8ZDugoikzREdCJ2okJPBx6azFLNOwoOgcxojJ98JkaTSJxMpklKrCAKhZGI0drTY/wU5lXoJYibannV9NYy4oozNEAkPHTjop+DTDxVGkIgYJNoyQQJtiIW+EMjGAjm649AjGIaqswcEZQKJ2QPlJbqytki6ZXAAZRJ52J2McaUowzAfs+uFzrYhnzaapphiPWdaJWShqxjqa6kTTQ205TVbsfMa6htL0iYOsXpJrQjHSmCkv1QGPtiHqlYcQ21Gj7fcDU8xOEUuNgSltPzexh+HqFlanCBHZ4OLhCV+gK/3OF6vWvucLv98MUOY2pwu/PS/+D2qJU7pYGbOvDFDW+bbON9p3o3oRxn0bfLgZTgSn6pSfrtr56qLHemtHPTK2319SzGvtjQ9qeb39Wgc66Cm073nd0U1PzDdJCO3Gzn6TKpl9Zq7ujGWsQhlA3NwWIMwG9zM08Y/tBrR9VWeczv5CSQuuUNKIUTk23ZJ5RKfVhjnkXotfWIlgX2BSCDYbZR+QTcLhb3dKZDUY2M0d4KWItwhHRah/zsrOgKw4wycwjcgEVcgQDQo23CqSiWEJkFAfod2oE1uIZdA1OsCPqFXYNTjCfb8Ez+iX2x5sKLlVbhtqdDcar9ZevhnbZxoBUD35k23t0d304LYs1ELVbnfFaZ/REJJX9niP8Q19moZGo3m8XR/yBvOnjFftncI2c8ZuNo7WMP5HQh6yRGrlmFOJTnyTcT+zRlqPUBI2gTVWNUzUna1ERgecgF4GpNBQ38jGqxVLzQA1A31Rrhk6Yz9QEh/WND0GnuG9huhiTXJkxfAizTHLr6cbJKN6UCU6x/2DTRE1xEeEXi3O0ZUqBN4nJRzHhFB1JPlFTBZlI2kQ8zc3KJ1Le8DIRmFJiknuVS6RK4Ej/JtBfJErDSzOBiY4wJHX6Z1I4v1GUmdCPNirnLLeg3oJLcbX5PcpHNbRvOa1A956QmRPOUXVF+zkaUJynpkYR0bOMJH2nNej1pqyV/aKkz9jr5yj5vrXXz1F5SQLACiMapmierj2ikLyleKdlA/I/2oFxiglxx9B+mHwz0lf34IZQfhDRhlD6bhvgEAoPYooHkTczSIZTLC+cEExsoNKZiGBiY9cCfo/Y/SjIOBMQizWWTe73CMUasJx7jlD+DdKdWUKoY4PRYFtGpO0G1Lx4RaadgTtJhf4fiGqGIwKWCGuGIwKWqP+7IxYCzygjR9IAO5pC7Da9g70TBVpWRNgFBlgT8RV2WxHbKwJMv4BOaEaYaU2K16yZMN/qgV+G7IWIvwyZCxHeDQMsR8wg0DBDDXB5H2EV+hkEGmaoySHQsEJNFoGGFWrAq98JRhUMX1iMMMqLLEIpK5jCbd4vw9nSt/72lewXiN6jmdjfq8Hdknlk92ZwJnbIMMRM7JBhiFlUFoHd1UWaP1QKsPsHA5mkNB+Smn9r+138jGzYzgAAAABJRU5ErkJggg=='),
(2, 'ejimenez', 'cocinero@a.aaa', 'rr43rr33r', '1980-05-05 04:00:00', 43344334, 5, '2019-06-05 04:00:00', '2019-06-05 04:00:00', '20000', '', 1, 'data:image/png;base64,iVBORw0KGgoAAAANSUhEUgAAAOEAAADhCAMAAAAJbSJIAAAAMFBMVEXFxcX////CwsLGxsb7+/vT09PJycn19fXq6urb29vOzs7w8PDe3t7n5+f5+fnt7e2uCwolAAAFHUlEQVR4nO2dC5qqMAyFMTwUFNz/bq+VYYrKKJCkOfXmXwHna5uTpA+KwnEcx3Ecx3Ecx3Ecx3Ecx3Ecx3Ecx3Ecx3EcA2iO9cdIc5PUdO2l78+BU39p66b4HplE3eU6VIcnqmNfl1+gksr6+iIucr50WYukor7+re6Hoe1y1UhNO3zUd+fUFRmKpOa0Tt6dY5ubRCouG/QFzk1WGmnt/JxzykcjdZ/jyxJDLlOV2l36AtcsJJb9boG3YcR3DuqODIE3LtYKPkDdmwRmpUToUaSaq++AvRgZMWbOubQW8hdCAm8ZDugoikzREdCJ2okJPBx6azFLNOwoOgcxojJ98JkaTSJxMpklKrCAKhZGI0drTY/wU5lXoJYibannV9NYy4oozNEAkPHTjop+DTDxVGkIgYJNoyQQJtiIW+EMjGAjm649AjGIaqswcEZQKJ2QPlJbqytki6ZXAAZRJ52J2McaUowzAfs+uFzrYhnzaapphiPWdaJWShqxjqa6kTTQ205TVbsfMa6htL0iYOsXpJrQjHSmCkv1QGPtiHqlYcQ21Gj7fcDU8xOEUuNgSltPzexh+HqFlanCBHZ4OLhCV+gK/3OF6vWvucLv98MUOY2pwu/PS/+D2qJU7pYGbOvDFDW+bbON9p3o3oRxn0bfLgZTgSn6pSfrtr56qLHemtHPTK2319SzGvtjQ9qeb39Wgc66Cm073nd0U1PzDdJCO3Gzn6TKpl9Zq7ujGWsQhlA3NwWIMwG9zM08Y/tBrR9VWeczv5CSQuuUNKIUTk23ZJ5RKfVhjnkXotfWIlgX2BSCDYbZR+QTcLhb3dKZDUY2M0d4KWItwhHRah/zsrOgKw4wycwjcgEVcgQDQo23CqSiWEJkFAfod2oE1uIZdA1OsCPqFXYNTjCfb8Ez+iX2x5sKLlVbhtqdDcar9ZevhnbZxoBUD35k23t0d304LYs1ELVbnfFaZ/REJJX9niP8Q19moZGo3m8XR/yBvOnjFftncI2c8ZuNo7WMP5HQh6yRGrlmFOJTnyTcT+zRlqPUBI2gTVWNUzUna1ERgecgF4GpNBQ38jGqxVLzQA1A31Rrhk6Yz9QEh/WND0GnuG9huhiTXJkxfAizTHLr6cbJKN6UCU6x/2DTRE1xEeEXi3O0ZUqBN4nJRzHhFB1JPlFTBZlI2kQ8zc3KJ1Le8DIRmFJiknuVS6RK4Ej/JtBfJErDSzOBiY4wJHX6Z1I4v1GUmdCPNirnLLeg3oJLcbX5PcpHNbRvOa1A956QmRPOUXVF+zkaUJynpkYR0bOMJH2nNej1pqyV/aKkz9jr5yj5vrXXz1F5SQLACiMapmierj2ikLyleKdlA/I/2oFxiglxx9B+mHwz0lf34IZQfhDRhlD6bhvgEAoPYooHkTczSIZTLC+cEExsoNKZiGBiY9cCfo/Y/SjIOBMQizWWTe73CMUasJx7jlD+DdKdWUKoY4PRYFtGpO0G1Lx4RaadgTtJhf4fiGqGIwKWCGuGIwKWqP+7IxYCzygjR9IAO5pC7Da9g70TBVpWRNgFBlgT8RV2WxHbKwJMv4BOaEaYaU2K16yZMN/qgV+G7IWIvwyZCxHeDQMsR8wg0DBDDXB5H2EV+hkEGmaoySHQsEJNFoGGFWrAq98JRhUMX1iMMMqLLEIpK5jCbd4vw9nSt/72lewXiN6jmdjfq8Hdknlk92ZwJnbIMMRM7JBhiFlUFoHd1UWaP1QKsPsHA5mkNB+Smn9r+138jGzYzgAAAABJRU5ErkJggg=='),
(3, 'fsaiegh', 'fsaiegh@gmail.com', 'Facundo Saiegh', '1980-05-05 04:00:00', 0, 1, '2019-06-05 04:00:00', '2019-06-05 04:00:00', '25000', '1234', 1, 'data:image/png;base64,iVBORw0KGgoAAAANSUhEUgAAAOEAAADhCAMAAAAJbSJIAAAAMFBMVEXFxcX////CwsLGxsb7+/vT09PJycn19fXq6urb29vOzs7w8PDe3t7n5+f5+fnt7e2uCwolAAAFHUlEQVR4nO2dC5qqMAyFMTwUFNz/bq+VYYrKKJCkOfXmXwHna5uTpA+KwnEcx3Ecx3Ecx3Ecx3Ecx3Ecx3Ecx3Ecx3EcA2iO9cdIc5PUdO2l78+BU39p66b4HplE3eU6VIcnqmNfl1+gksr6+iIucr50WYukor7+re6Hoe1y1UhNO3zUd+fUFRmKpOa0Tt6dY5ubRCouG/QFzk1WGmnt/JxzykcjdZ/jyxJDLlOV2l36AtcsJJb9boG3YcR3DuqODIE3LtYKPkDdmwRmpUToUaSaq++AvRgZMWbOubQW8hdCAm8ZDugoikzREdCJ2okJPBx6azFLNOwoOgcxojJ98JkaTSJxMpklKrCAKhZGI0drTY/wU5lXoJYibannV9NYy4oozNEAkPHTjop+DTDxVGkIgYJNoyQQJtiIW+EMjGAjm649AjGIaqswcEZQKJ2QPlJbqytki6ZXAAZRJ52J2McaUowzAfs+uFzrYhnzaapphiPWdaJWShqxjqa6kTTQ205TVbsfMa6htL0iYOsXpJrQjHSmCkv1QGPtiHqlYcQ21Gj7fcDU8xOEUuNgSltPzexh+HqFlanCBHZ4OLhCV+gK/3OF6vWvucLv98MUOY2pwu/PS/+D2qJU7pYGbOvDFDW+bbON9p3o3oRxn0bfLgZTgSn6pSfrtr56qLHemtHPTK2319SzGvtjQ9qeb39Wgc66Cm073nd0U1PzDdJCO3Gzn6TKpl9Zq7ujGWsQhlA3NwWIMwG9zM08Y/tBrR9VWeczv5CSQuuUNKIUTk23ZJ5RKfVhjnkXotfWIlgX2BSCDYbZR+QTcLhb3dKZDUY2M0d4KWItwhHRah/zsrOgKw4wycwjcgEVcgQDQo23CqSiWEJkFAfod2oE1uIZdA1OsCPqFXYNTjCfb8Ez+iX2x5sKLlVbhtqdDcar9ZevhnbZxoBUD35k23t0d304LYs1ELVbnfFaZ/REJJX9niP8Q19moZGo3m8XR/yBvOnjFftncI2c8ZuNo7WMP5HQh6yRGrlmFOJTnyTcT+zRlqPUBI2gTVWNUzUna1ERgecgF4GpNBQ38jGqxVLzQA1A31Rrhk6Yz9QEh/WND0GnuG9huhiTXJkxfAizTHLr6cbJKN6UCU6x/2DTRE1xEeEXi3O0ZUqBN4nJRzHhFB1JPlFTBZlI2kQ8zc3KJ1Le8DIRmFJiknuVS6RK4Ej/JtBfJErDSzOBiY4wJHX6Z1I4v1GUmdCPNirnLLeg3oJLcbX5PcpHNbRvOa1A956QmRPOUXVF+zkaUJynpkYR0bOMJH2nNej1pqyV/aKkz9jr5yj5vrXXz1F5SQLACiMapmierj2ikLyleKdlA/I/2oFxiglxx9B+mHwz0lf34IZQfhDRhlD6bhvgEAoPYooHkTczSIZTLC+cEExsoNKZiGBiY9cCfo/Y/SjIOBMQizWWTe73CMUasJx7jlD+DdKdWUKoY4PRYFtGpO0G1Lx4RaadgTtJhf4fiGqGIwKWCGuGIwKWqP+7IxYCzygjR9IAO5pC7Da9g70TBVpWRNgFBlgT8RV2WxHbKwJMv4BOaEaYaU2K16yZMN/qgV+G7IWIvwyZCxHeDQMsR8wg0DBDDXB5H2EV+hkEGmaoySHQsEJNFoGGFWrAq98JRhUMX1iMMMqLLEIpK5jCbd4vw9nSt/72lewXiN6jmdjfq8Hdknlk92ZwJnbIMMRM7JBhiFlUFoHd1UWaP1QKsPsHA5mkNB+Smn9r+138jGzYzgAAAABJRU5ErkJggg=='),
(4, 'male', 'male@gmail.com', 'male prueba', '1980-05-05 04:00:00', 12456123, 2, '2019-06-05 04:00:00', '2019-06-05 04:00:00', '5656', '1234', 1, 'data:image/png;base64,iVBORw0KGgoAAAANSUhEUgAAAOEAAADhCAMAAAAJbSJIAAAAMFBMVEXFxcX////CwsLGxsb7+/vT09PJycn19fXq6urb29vOzs7w8PDe3t7n5+f5+fnt7e2uCwolAAAFHUlEQVR4nO2dC5qqMAyFMTwUFNz/bq+VYYrKKJCkOfXmXwHna5uTpA+KwnEcx3Ecx3Ecx3Ecx3Ecx3Ecx3Ecx3Ecx3EcA2iO9cdIc5PUdO2l78+BU39p66b4HplE3eU6VIcnqmNfl1+gksr6+iIucr50WYukor7+re6Hoe1y1UhNO3zUd+fUFRmKpOa0Tt6dY5ubRCouG/QFzk1WGmnt/JxzykcjdZ/jyxJDLlOV2l36AtcsJJb9boG3YcR3DuqODIE3LtYKPkDdmwRmpUToUaSaq++AvRgZMWbOubQW8hdCAm8ZDugoikzREdCJ2okJPBx6azFLNOwoOgcxojJ98JkaTSJxMpklKrCAKhZGI0drTY/wU5lXoJYibannV9NYy4oozNEAkPHTjop+DTDxVGkIgYJNoyQQJtiIW+EMjGAjm649AjGIaqswcEZQKJ2QPlJbqytki6ZXAAZRJ52J2McaUowzAfs+uFzrYhnzaapphiPWdaJWShqxjqa6kTTQ205TVbsfMa6htL0iYOsXpJrQjHSmCkv1QGPtiHqlYcQ21Gj7fcDU8xOEUuNgSltPzexh+HqFlanCBHZ4OLhCV+gK/3OF6vWvucLv98MUOY2pwu/PS/+D2qJU7pYGbOvDFDW+bbON9p3o3oRxn0bfLgZTgSn6pSfrtr56qLHemtHPTK2319SzGvtjQ9qeb39Wgc66Cm073nd0U1PzDdJCO3Gzn6TKpl9Zq7ujGWsQhlA3NwWIMwG9zM08Y/tBrR9VWeczv5CSQuuUNKIUTk23ZJ5RKfVhjnkXotfWIlgX2BSCDYbZR+QTcLhb3dKZDUY2M0d4KWItwhHRah/zsrOgKw4wycwjcgEVcgQDQo23CqSiWEJkFAfod2oE1uIZdA1OsCPqFXYNTjCfb8Ez+iX2x5sKLlVbhtqdDcar9ZevhnbZxoBUD35k23t0d304LYs1ELVbnfFaZ/REJJX9niP8Q19moZGo3m8XR/yBvOnjFftncI2c8ZuNo7WMP5HQh6yRGrlmFOJTnyTcT+zRlqPUBI2gTVWNUzUna1ERgecgF4GpNBQ38jGqxVLzQA1A31Rrhk6Yz9QEh/WND0GnuG9huhiTXJkxfAizTHLr6cbJKN6UCU6x/2DTRE1xEeEXi3O0ZUqBN4nJRzHhFB1JPlFTBZlI2kQ8zc3KJ1Le8DIRmFJiknuVS6RK4Ej/JtBfJErDSzOBiY4wJHX6Z1I4v1GUmdCPNirnLLeg3oJLcbX5PcpHNbRvOa1A956QmRPOUXVF+zkaUJynpkYR0bOMJH2nNej1pqyV/aKkz9jr5yj5vrXXz1F5SQLACiMapmierj2ikLyleKdlA/I/2oFxiglxx9B+mHwz0lf34IZQfhDRhlD6bhvgEAoPYooHkTczSIZTLC+cEExsoNKZiGBiY9cCfo/Y/SjIOBMQizWWTe73CMUasJx7jlD+DdKdWUKoY4PRYFtGpO0G1Lx4RaadgTtJhf4fiGqGIwKWCGuGIwKWqP+7IxYCzygjR9IAO5pC7Da9g70TBVpWRNgFBlgT8RV2WxHbKwJMv4BOaEaYaU2K16yZMN/qgV+G7IWIvwyZCxHeDQMsR8wg0DBDDXB5H2EV+hkEGmaoySHQsEJNFoGGFWrAq98JRhUMX1iMMMqLLEIpK5jCbd4vw9nSt/72lewXiN6jmdjfq8Hdknlk92ZwJnbIMMRM7JBhiFlUFoHd1UWaP1QKsPsHA5mkNB+Smn9r+138jGzYzgAAAABJRU5ErkJggg=='),
(15, 'qweqw qwe qwe', 'asdasdasd@dasd.com', 'asd asd asd ads asd 4', '1980-05-05 04:00:00', 343434, 2, '2019-06-05 04:00:00', '2019-06-05 04:00:00', '0', '1234', 1, 'data:image/png;base64,iVBORw0KGgoAAAANSUhEUgAAAOEAAADhCAMAAAAJbSJIAAAAMFBMVEXFxcX////CwsLGxsb7+/vT09PJycn19fXq6urb29vOzs7w8PDe3t7n5+f5+fnt7e2uCwolAAAFHUlEQVR4nO2dC5qqMAyFMTwUFNz/bq+VYYrKKJCkOfXmXwHna5uTpA+KwnEcx3Ecx3Ecx3Ecx3Ecx3Ecx3Ecx3Ecx3EcA2iO9cdIc5PUdO2l78+BU39p66b4HplE3eU6VIcnqmNfl1+gksr6+iIucr50WYukor7+re6Hoe1y1UhNO3zUd+fUFRmKpOa0Tt6dY5ubRCouG/QFzk1WGmnt/JxzykcjdZ/jyxJDLlOV2l36AtcsJJb9boG3YcR3DuqODIE3LtYKPkDdmwRmpUToUaSaq++AvRgZMWbOubQW8hdCAm8ZDugoikzREdCJ2okJPBx6azFLNOwoOgcxojJ98JkaTSJxMpklKrCAKhZGI0drTY/wU5lXoJYibannV9NYy4oozNEAkPHTjop+DTDxVGkIgYJNoyQQJtiIW+EMjGAjm649AjGIaqswcEZQKJ2QPlJbqytki6ZXAAZRJ52J2McaUowzAfs+uFzrYhnzaapphiPWdaJWShqxjqa6kTTQ205TVbsfMa6htL0iYOsXpJrQjHSmCkv1QGPtiHqlYcQ21Gj7fcDU8xOEUuNgSltPzexh+HqFlanCBHZ4OLhCV+gK/3OF6vWvucLv98MUOY2pwu/PS/+D2qJU7pYGbOvDFDW+bbON9p3o3oRxn0bfLgZTgSn6pSfrtr56qLHemtHPTK2319SzGvtjQ9qeb39Wgc66Cm073nd0U1PzDdJCO3Gzn6TKpl9Zq7ujGWsQhlA3NwWIMwG9zM08Y/tBrR9VWeczv5CSQuuUNKIUTk23ZJ5RKfVhjnkXotfWIlgX2BSCDYbZR+QTcLhb3dKZDUY2M0d4KWItwhHRah/zsrOgKw4wycwjcgEVcgQDQo23CqSiWEJkFAfod2oE1uIZdA1OsCPqFXYNTjCfb8Ez+iX2x5sKLlVbhtqdDcar9ZevhnbZxoBUD35k23t0d304LYs1ELVbnfFaZ/REJJX9niP8Q19moZGo3m8XR/yBvOnjFftncI2c8ZuNo7WMP5HQh6yRGrlmFOJTnyTcT+zRlqPUBI2gTVWNUzUna1ERgecgF4GpNBQ38jGqxVLzQA1A31Rrhk6Yz9QEh/WND0GnuG9huhiTXJkxfAizTHLr6cbJKN6UCU6x/2DTRE1xEeEXi3O0ZUqBN4nJRzHhFB1JPlFTBZlI2kQ8zc3KJ1Le8DIRmFJiknuVS6RK4Ej/JtBfJErDSzOBiY4wJHX6Z1I4v1GUmdCPNirnLLeg3oJLcbX5PcpHNbRvOa1A956QmRPOUXVF+zkaUJynpkYR0bOMJH2nNej1pqyV/aKkz9jr5yj5vrXXz1F5SQLACiMapmierj2ikLyleKdlA/I/2oFxiglxx9B+mHwz0lf34IZQfhDRhlD6bhvgEAoPYooHkTczSIZTLC+cEExsoNKZiGBiY9cCfo/Y/SjIOBMQizWWTe73CMUasJx7jlD+DdKdWUKoY4PRYFtGpO0G1Lx4RaadgTtJhf4fiGqGIwKWCGuGIwKWqP+7IxYCzygjR9IAO5pC7Da9g70TBVpWRNgFBlgT8RV2WxHbKwJMv4BOaEaYaU2K16yZMN/qgV+G7IWIvwyZCxHeDQMsR8wg0DBDDXB5H2EV+hkEGmaoySHQsEJNFoGGFWrAq98JRhUMX1iMMMqLLEIpK5jCbd4vw9nSt/72lewXiN6jmdjfq8Hdknlk92ZwJnbIMMRM7JBhiFlUFoHd1UWaP1QKsPsHA5mkNB+Smn9r+138jGzYzgAAAABJRU5ErkJggg=='),
(16, '', 'chicho@chichicch.com', 'chicho22', '1980-05-05 04:00:00', 23423424, 3, '2019-06-05 04:00:00', '2019-06-05 04:00:00', '3144', '1234', 1, 'data:image/png;base64,iVBORw0KGgoAAAANSUhEUgAAAOEAAADhCAMAAAAJbSJIAAAAMFBMVEXFxcX////CwsLGxsb7+/vT09PJycn19fXq6urb29vOzs7w8PDe3t7n5+f5+fnt7e2uCwolAAAFHUlEQVR4nO2dC5qqMAyFMTwUFNz/bq+VYYrKKJCkOfXmXwHna5uTpA+KwnEcx3Ecx3Ecx3Ecx3Ecx3Ecx3Ecx3Ecx3EcA2iO9cdIc5PUdO2l78+BU39p66b4HplE3eU6VIcnqmNfl1+gksr6+iIucr50WYukor7+re6Hoe1y1UhNO3zUd+fUFRmKpOa0Tt6dY5ubRCouG/QFzk1WGmnt/JxzykcjdZ/jyxJDLlOV2l36AtcsJJb9boG3YcR3DuqODIE3LtYKPkDdmwRmpUToUaSaq++AvRgZMWbOubQW8hdCAm8ZDugoikzREdCJ2okJPBx6azFLNOwoOgcxojJ98JkaTSJxMpklKrCAKhZGI0drTY/wU5lXoJYibannV9NYy4oozNEAkPHTjop+DTDxVGkIgYJNoyQQJtiIW+EMjGAjm649AjGIaqswcEZQKJ2QPlJbqytki6ZXAAZRJ52J2McaUowzAfs+uFzrYhnzaapphiPWdaJWShqxjqa6kTTQ205TVbsfMa6htL0iYOsXpJrQjHSmCkv1QGPtiHqlYcQ21Gj7fcDU8xOEUuNgSltPzexh+HqFlanCBHZ4OLhCV+gK/3OF6vWvucLv98MUOY2pwu/PS/+D2qJU7pYGbOvDFDW+bbON9p3o3oRxn0bfLgZTgSn6pSfrtr56qLHemtHPTK2319SzGvtjQ9qeb39Wgc66Cm073nd0U1PzDdJCO3Gzn6TKpl9Zq7ujGWsQhlA3NwWIMwG9zM08Y/tBrR9VWeczv5CSQuuUNKIUTk23ZJ5RKfVhjnkXotfWIlgX2BSCDYbZR+QTcLhb3dKZDUY2M0d4KWItwhHRah/zsrOgKw4wycwjcgEVcgQDQo23CqSiWEJkFAfod2oE1uIZdA1OsCPqFXYNTjCfb8Ez+iX2x5sKLlVbhtqdDcar9ZevhnbZxoBUD35k23t0d304LYs1ELVbnfFaZ/REJJX9niP8Q19moZGo3m8XR/yBvOnjFftncI2c8ZuNo7WMP5HQh6yRGrlmFOJTnyTcT+zRlqPUBI2gTVWNUzUna1ERgecgF4GpNBQ38jGqxVLzQA1A31Rrhk6Yz9QEh/WND0GnuG9huhiTXJkxfAizTHLr6cbJKN6UCU6x/2DTRE1xEeEXi3O0ZUqBN4nJRzHhFB1JPlFTBZlI2kQ8zc3KJ1Le8DIRmFJiknuVS6RK4Ej/JtBfJErDSzOBiY4wJHX6Z1I4v1GUmdCPNirnLLeg3oJLcbX5PcpHNbRvOa1A956QmRPOUXVF+zkaUJynpkYR0bOMJH2nNej1pqyV/aKkz9jr5yj5vrXXz1F5SQLACiMapmierj2ikLyleKdlA/I/2oFxiglxx9B+mHwz0lf34IZQfhDRhlD6bhvgEAoPYooHkTczSIZTLC+cEExsoNKZiGBiY9cCfo/Y/SjIOBMQizWWTe73CMUasJx7jlD+DdKdWUKoY4PRYFtGpO0G1Lx4RaadgTtJhf4fiGqGIwKWCGuGIwKWqP+7IxYCzygjR9IAO5pC7Da9g70TBVpWRNgFBlgT8RV2WxHbKwJMv4BOaEaYaU2K16yZMN/qgV+G7IWIvwyZCxHeDQMsR8wg0DBDDXB5H2EV+hkEGmaoySHQsEJNFoGGFWrAq98JRhUMX1iMMMqLLEIpK5jCbd4vw9nSt/72lewXiN6jmdjfq8Hdknlk92ZwJnbIMMRM7JBhiFlUFoHd1UWaP1QKsPsHA5mkNB+Smn9r+138jGzYzgAAAABJRU5ErkJggg=='),
(17, 'eric_estrada', 'sdad@asdd.com', 'eric estrada', '1980-05-05 04:00:00', 444443, 0, '2019-06-05 04:00:00', '2019-06-05 04:00:00', '0', '1234', 1, 'data:image/png;base64,iVBORw0KGgoAAAANSUhEUgAAAOEAAADhCAMAAAAJbSJIAAAAMFBMVEXFxcX////CwsLGxsb7+/vT09PJycn19fXq6urb29vOzs7w8PDe3t7n5+f5+fnt7e2uCwolAAAFHUlEQVR4nO2dC5qqMAyFMTwUFNz/bq+VYYrKKJCkOfXmXwHna5uTpA+KwnEcx3Ecx3Ecx3Ecx3Ecx3Ecx3Ecx3Ecx3EcA2iO9cdIc5PUdO2l78+BU39p66b4HplE3eU6VIcnqmNfl1+gksr6+iIucr50WYukor7+re6Hoe1y1UhNO3zUd+fUFRmKpOa0Tt6dY5ubRCouG/QFzk1WGmnt/JxzykcjdZ/jyxJDLlOV2l36AtcsJJb9boG3YcR3DuqODIE3LtYKPkDdmwRmpUToUaSaq++AvRgZMWbOubQW8hdCAm8ZDugoikzREdCJ2okJPBx6azFLNOwoOgcxojJ98JkaTSJxMpklKrCAKhZGI0drTY/wU5lXoJYibannV9NYy4oozNEAkPHTjop+DTDxVGkIgYJNoyQQJtiIW+EMjGAjm649AjGIaqswcEZQKJ2QPlJbqytki6ZXAAZRJ52J2McaUowzAfs+uFzrYhnzaapphiPWdaJWShqxjqa6kTTQ205TVbsfMa6htL0iYOsXpJrQjHSmCkv1QGPtiHqlYcQ21Gj7fcDU8xOEUuNgSltPzexh+HqFlanCBHZ4OLhCV+gK/3OF6vWvucLv98MUOY2pwu/PS/+D2qJU7pYGbOvDFDW+bbON9p3o3oRxn0bfLgZTgSn6pSfrtr56qLHemtHPTK2319SzGvtjQ9qeb39Wgc66Cm073nd0U1PzDdJCO3Gzn6TKpl9Zq7ujGWsQhlA3NwWIMwG9zM08Y/tBrR9VWeczv5CSQuuUNKIUTk23ZJ5RKfVhjnkXotfWIlgX2BSCDYbZR+QTcLhb3dKZDUY2M0d4KWItwhHRah/zsrOgKw4wycwjcgEVcgQDQo23CqSiWEJkFAfod2oE1uIZdA1OsCPqFXYNTjCfb8Ez+iX2x5sKLlVbhtqdDcar9ZevhnbZxoBUD35k23t0d304LYs1ELVbnfFaZ/REJJX9niP8Q19moZGo3m8XR/yBvOnjFftncI2c8ZuNo7WMP5HQh6yRGrlmFOJTnyTcT+zRlqPUBI2gTVWNUzUna1ERgecgF4GpNBQ38jGqxVLzQA1A31Rrhk6Yz9QEh/WND0GnuG9huhiTXJkxfAizTHLr6cbJKN6UCU6x/2DTRE1xEeEXi3O0ZUqBN4nJRzHhFB1JPlFTBZlI2kQ8zc3KJ1Le8DIRmFJiknuVS6RK4Ej/JtBfJErDSzOBiY4wJHX6Z1I4v1GUmdCPNirnLLeg3oJLcbX5PcpHNbRvOa1A956QmRPOUXVF+zkaUJynpkYR0bOMJH2nNej1pqyV/aKkz9jr5yj5vrXXz1F5SQLACiMapmierj2ikLyleKdlA/I/2oFxiglxx9B+mHwz0lf34IZQfhDRhlD6bhvgEAoPYooHkTczSIZTLC+cEExsoNKZiGBiY9cCfo/Y/SjIOBMQizWWTe73CMUasJx7jlD+DdKdWUKoY4PRYFtGpO0G1Lx4RaadgTtJhf4fiGqGIwKWCGuGIwKWqP+7IxYCzygjR9IAO5pC7Da9g70TBVpWRNgFBlgT8RV2WxHbKwJMv4BOaEaYaU2K16yZMN/qgV+G7IWIvwyZCxHeDQMsR8wg0DBDDXB5H2EV+hkEGmaoySHQsEJNFoGGFWrAq98JRhUMX1iMMMqLLEIpK5jCbd4vw9nSt/72lewXiN6jmdjfq8Hdknlk92ZwJnbIMMRM7JBhiFlUFoHd1UWaP1QKsPsHA5mkNB+Smn9r+138jGzYzgAAAABJRU5ErkJggg=='),
(18, 'mario', 'mario@baracus.com', 'mario baracus', '1980-05-05 04:00:00', 34433434, 5, '2019-06-05 04:00:00', '2019-06-05 04:00:00', '32000', '1234', 1, 'data:image/png;base64,iVBORw0KGgoAAAANSUhEUgAAAOEAAADhCAMAAAAJbSJIAAAAMFBMVEXFxcX////CwsLGxsb7+/vT09PJycn19fXq6urb29vOzs7w8PDe3t7n5+f5+fnt7e2uCwolAAAFHUlEQVR4nO2dC5qqMAyFMTwUFNz/bq+VYYrKKJCkOfXmXwHna5uTpA+KwnEcx3Ecx3Ecx3Ecx3Ecx3Ecx3Ecx3Ecx3EcA2iO9cdIc5PUdO2l78+BU39p66b4HplE3eU6VIcnqmNfl1+gksr6+iIucr50WYukor7+re6Hoe1y1UhNO3zUd+fUFRmKpOa0Tt6dY5ubRCouG/QFzk1WGmnt/JxzykcjdZ/jyxJDLlOV2l36AtcsJJb9boG3YcR3DuqODIE3LtYKPkDdmwRmpUToUaSaq++AvRgZMWbOubQW8hdCAm8ZDugoikzREdCJ2okJPBx6azFLNOwoOgcxojJ98JkaTSJxMpklKrCAKhZGI0drTY/wU5lXoJYibannV9NYy4oozNEAkPHTjop+DTDxVGkIgYJNoyQQJtiIW+EMjGAjm649AjGIaqswcEZQKJ2QPlJbqytki6ZXAAZRJ52J2McaUowzAfs+uFzrYhnzaapphiPWdaJWShqxjqa6kTTQ205TVbsfMa6htL0iYOsXpJrQjHSmCkv1QGPtiHqlYcQ21Gj7fcDU8xOEUuNgSltPzexh+HqFlanCBHZ4OLhCV+gK/3OF6vWvucLv98MUOY2pwu/PS/+D2qJU7pYGbOvDFDW+bbON9p3o3oRxn0bfLgZTgSn6pSfrtr56qLHemtHPTK2319SzGvtjQ9qeb39Wgc66Cm073nd0U1PzDdJCO3Gzn6TKpl9Zq7ujGWsQhlA3NwWIMwG9zM08Y/tBrR9VWeczv5CSQuuUNKIUTk23ZJ5RKfVhjnkXotfWIlgX2BSCDYbZR+QTcLhb3dKZDUY2M0d4KWItwhHRah/zsrOgKw4wycwjcgEVcgQDQo23CqSiWEJkFAfod2oE1uIZdA1OsCPqFXYNTjCfb8Ez+iX2x5sKLlVbhtqdDcar9ZevhnbZxoBUD35k23t0d304LYs1ELVbnfFaZ/REJJX9niP8Q19moZGo3m8XR/yBvOnjFftncI2c8ZuNo7WMP5HQh6yRGrlmFOJTnyTcT+zRlqPUBI2gTVWNUzUna1ERgecgF4GpNBQ38jGqxVLzQA1A31Rrhk6Yz9QEh/WND0GnuG9huhiTXJkxfAizTHLr6cbJKN6UCU6x/2DTRE1xEeEXi3O0ZUqBN4nJRzHhFB1JPlFTBZlI2kQ8zc3KJ1Le8DIRmFJiknuVS6RK4Ej/JtBfJErDSzOBiY4wJHX6Z1I4v1GUmdCPNirnLLeg3oJLcbX5PcpHNbRvOa1A956QmRPOUXVF+zkaUJynpkYR0bOMJH2nNej1pqyV/aKkz9jr5yj5vrXXz1F5SQLACiMapmierj2ikLyleKdlA/I/2oFxiglxx9B+mHwz0lf34IZQfhDRhlD6bhvgEAoPYooHkTczSIZTLC+cEExsoNKZiGBiY9cCfo/Y/SjIOBMQizWWTe73CMUasJx7jlD+DdKdWUKoY4PRYFtGpO0G1Lx4RaadgTtJhf4fiGqGIwKWCGuGIwKWqP+7IxYCzygjR9IAO5pC7Da9g70TBVpWRNgFBlgT8RV2WxHbKwJMv4BOaEaYaU2K16yZMN/qgV+G7IWIvwyZCxHeDQMsR8wg0DBDDXB5H2EV+hkEGmaoySHQsEJNFoGGFWrAq98JRhUMX1iMMMqLLEIpK5jCbd4vw9nSt/72lewXiN6jmdjfq8Hdknlk92ZwJnbIMMRM7JBhiFlUFoHd1UWaP1QKsPsHA5mkNB+Smn9r+138jGzYzgAAAABJRU5ErkJggg=='),
(21, 'd asd asd asd', 'mario@baracus.com', 'asd asd asd adsas', '1980-05-05 04:00:00', 0, 0, '2019-06-05 04:00:00', '2019-06-05 04:00:00', '0', '1234', 1, 'data:image/png;base64,iVBORw0KGgoAAAANSUhEUgAAAOEAAADhCAMAAAAJbSJIAAAAMFBMVEXFxcX////CwsLGxsb7+/vT09PJycn19fXq6urb29vOzs7w8PDe3t7n5+f5+fnt7e2uCwolAAAFHUlEQVR4nO2dC5qqMAyFMTwUFNz/bq+VYYrKKJCkOfXmXwHna5uTpA+KwnEcx3Ecx3Ecx3Ecx3Ecx3Ecx3Ecx3Ecx3EcA2iO9cdIc5PUdO2l78+BU39p66b4HplE3eU6VIcnqmNfl1+gksr6+iIucr50WYukor7+re6Hoe1y1UhNO3zUd+fUFRmKpOa0Tt6dY5ubRCouG/QFzk1WGmnt/JxzykcjdZ/jyxJDLlOV2l36AtcsJJb9boG3YcR3DuqODIE3LtYKPkDdmwRmpUToUaSaq++AvRgZMWbOubQW8hdCAm8ZDugoikzREdCJ2okJPBx6azFLNOwoOgcxojJ98JkaTSJxMpklKrCAKhZGI0drTY/wU5lXoJYibannV9NYy4oozNEAkPHTjop+DTDxVGkIgYJNoyQQJtiIW+EMjGAjm649AjGIaqswcEZQKJ2QPlJbqytki6ZXAAZRJ52J2McaUowzAfs+uFzrYhnzaapphiPWdaJWShqxjqa6kTTQ205TVbsfMa6htL0iYOsXpJrQjHSmCkv1QGPtiHqlYcQ21Gj7fcDU8xOEUuNgSltPzexh+HqFlanCBHZ4OLhCV+gK/3OF6vWvucLv98MUOY2pwu/PS/+D2qJU7pYGbOvDFDW+bbON9p3o3oRxn0bfLgZTgSn6pSfrtr56qLHemtHPTK2319SzGvtjQ9qeb39Wgc66Cm073nd0U1PzDdJCO3Gzn6TKpl9Zq7ujGWsQhlA3NwWIMwG9zM08Y/tBrR9VWeczv5CSQuuUNKIUTk23ZJ5RKfVhjnkXotfWIlgX2BSCDYbZR+QTcLhb3dKZDUY2M0d4KWItwhHRah/zsrOgKw4wycwjcgEVcgQDQo23CqSiWEJkFAfod2oE1uIZdA1OsCPqFXYNTjCfb8Ez+iX2x5sKLlVbhtqdDcar9ZevhnbZxoBUD35k23t0d304LYs1ELVbnfFaZ/REJJX9niP8Q19moZGo3m8XR/yBvOnjFftncI2c8ZuNo7WMP5HQh6yRGrlmFOJTnyTcT+zRlqPUBI2gTVWNUzUna1ERgecgF4GpNBQ38jGqxVLzQA1A31Rrhk6Yz9QEh/WND0GnuG9huhiTXJkxfAizTHLr6cbJKN6UCU6x/2DTRE1xEeEXi3O0ZUqBN4nJRzHhFB1JPlFTBZlI2kQ8zc3KJ1Le8DIRmFJiknuVS6RK4Ej/JtBfJErDSzOBiY4wJHX6Z1I4v1GUmdCPNirnLLeg3oJLcbX5PcpHNbRvOa1A956QmRPOUXVF+zkaUJynpkYR0bOMJH2nNej1pqyV/aKkz9jr5yj5vrXXz1F5SQLACiMapmierj2ikLyleKdlA/I/2oFxiglxx9B+mHwz0lf34IZQfhDRhlD6bhvgEAoPYooHkTczSIZTLC+cEExsoNKZiGBiY9cCfo/Y/SjIOBMQizWWTe73CMUasJx7jlD+DdKdWUKoY4PRYFtGpO0G1Lx4RaadgTtJhf4fiGqGIwKWCGuGIwKWqP+7IxYCzygjR9IAO5pC7Da9g70TBVpWRNgFBlgT8RV2WxHbKwJMv4BOaEaYaU2K16yZMN/qgV+G7IWIvwyZCxHeDQMsR8wg0DBDDXB5H2EV+hkEGmaoySHQsEJNFoGGFWrAq98JRhUMX1iMMMqLLEIpK5jCbd4vw9nSt/72lewXiN6jmdjfq8Hdknlk92ZwJnbIMMRM7JBhiFlUFoHd1UWaP1QKsPsHA5mkNB+Smn9r+138jGzYzgAAAABJRU5ErkJggg=='),
(22, 'd asd asd asd', 'mario@baracus.com', 'asd asd asd adsas', '1980-05-05 04:00:00', 0, 0, '2019-06-05 04:00:00', '2019-06-05 04:00:00', '0', '1234', 0, 'data:image/png;base64,iVBORw0KGgoAAAANSUhEUgAAAOEAAADhCAMAAAAJbSJIAAAAMFBMVEXFxcX////CwsLGxsb7+/vT09PJycn19fXq6urb29vOzs7w8PDe3t7n5+f5+fnt7e2uCwolAAAFHUlEQVR4nO2dC5qqMAyFMTwUFNz/bq+VYYrKKJCkOfXmXwHna5uTpA+KwnEcx3Ecx3Ecx3Ecx3Ecx3Ecx3Ecx3Ecx3EcA2iO9cdIc5PUdO2l78+BU39p66b4HplE3eU6VIcnqmNfl1+gksr6+iIucr50WYukor7+re6Hoe1y1UhNO3zUd+fUFRmKpOa0Tt6dY5ubRCouG/QFzk1WGmnt/JxzykcjdZ/jyxJDLlOV2l36AtcsJJb9boG3YcR3DuqODIE3LtYKPkDdmwRmpUToUaSaq++AvRgZMWbOubQW8hdCAm8ZDugoikzREdCJ2okJPBx6azFLNOwoOgcxojJ98JkaTSJxMpklKrCAKhZGI0drTY/wU5lXoJYibannV9NYy4oozNEAkPHTjop+DTDxVGkIgYJNoyQQJtiIW+EMjGAjm649AjGIaqswcEZQKJ2QPlJbqytki6ZXAAZRJ52J2McaUowzAfs+uFzrYhnzaapphiPWdaJWShqxjqa6kTTQ205TVbsfMa6htL0iYOsXpJrQjHSmCkv1QGPtiHqlYcQ21Gj7fcDU8xOEUuNgSltPzexh+HqFlanCBHZ4OLhCV+gK/3OF6vWvucLv98MUOY2pwu/PS/+D2qJU7pYGbOvDFDW+bbON9p3o3oRxn0bfLgZTgSn6pSfrtr56qLHemtHPTK2319SzGvtjQ9qeb39Wgc66Cm073nd0U1PzDdJCO3Gzn6TKpl9Zq7ujGWsQhlA3NwWIMwG9zM08Y/tBrR9VWeczv5CSQuuUNKIUTk23ZJ5RKfVhjnkXotfWIlgX2BSCDYbZR+QTcLhb3dKZDUY2M0d4KWItwhHRah/zsrOgKw4wycwjcgEVcgQDQo23CqSiWEJkFAfod2oE1uIZdA1OsCPqFXYNTjCfb8Ez+iX2x5sKLlVbhtqdDcar9ZevhnbZxoBUD35k23t0d304LYs1ELVbnfFaZ/REJJX9niP8Q19moZGo3m8XR/yBvOnjFftncI2c8ZuNo7WMP5HQh6yRGrlmFOJTnyTcT+zRlqPUBI2gTVWNUzUna1ERgecgF4GpNBQ38jGqxVLzQA1A31Rrhk6Yz9QEh/WND0GnuG9huhiTXJkxfAizTHLr6cbJKN6UCU6x/2DTRE1xEeEXi3O0ZUqBN4nJRzHhFB1JPlFTBZlI2kQ8zc3KJ1Le8DIRmFJiknuVS6RK4Ej/JtBfJErDSzOBiY4wJHX6Z1I4v1GUmdCPNirnLLeg3oJLcbX5PcpHNbRvOa1A956QmRPOUXVF+zkaUJynpkYR0bOMJH2nNej1pqyV/aKkz9jr5yj5vrXXz1F5SQLACiMapmierj2ikLyleKdlA/I/2oFxiglxx9B+mHwz0lf34IZQfhDRhlD6bhvgEAoPYooHkTczSIZTLC+cEExsoNKZiGBiY9cCfo/Y/SjIOBMQizWWTe73CMUasJx7jlD+DdKdWUKoY4PRYFtGpO0G1Lx4RaadgTtJhf4fiGqGIwKWCGuGIwKWqP+7IxYCzygjR9IAO5pC7Da9g70TBVpWRNgFBlgT8RV2WxHbKwJMv4BOaEaYaU2K16yZMN/qgV+G7IWIvwyZCxHeDQMsR8wg0DBDDXB5H2EV+hkEGmaoySHQsEJNFoGGFWrAq98JRhUMX1iMMMqLLEIpK5jCbd4vw9nSt/72lewXiN6jmdjfq8Hdknlk92ZwJnbIMMRM7JBhiFlUFoHd1UWaP1QKsPsHA5mkNB+Smn9r+138jGzYzgAAAABJRU5ErkJggg=='),
(24, '', '', '', '1980-05-05 04:00:00', 0, 0, '2019-06-05 04:00:00', '2019-06-05 04:00:00', '0', '1234', 1, 'data:image/png;base64,iVBORw0KGgoAAAANSUhEUgAAAOEAAADhCAMAAAAJbSJIAAAAMFBMVEXFxcX////CwsLGxsb7+/vT09PJycn19fXq6urb29vOzs7w8PDe3t7n5+f5+fnt7e2uCwolAAAFHUlEQVR4nO2dC5qqMAyFMTwUFNz/bq+VYYrKKJCkOfXmXwHna5uTpA+KwnEcx3Ecx3Ecx3Ecx3Ecx3Ecx3Ecx3Ecx3EcA2iO9cdIc5PUdO2l78+BU39p66b4HplE3eU6VIcnqmNfl1+gksr6+iIucr50WYukor7+re6Hoe1y1UhNO3zUd+fUFRmKpOa0Tt6dY5ubRCouG/QFzk1WGmnt/JxzykcjdZ/jyxJDLlOV2l36AtcsJJb9boG3YcR3DuqODIE3LtYKPkDdmwRmpUToUaSaq++AvRgZMWbOubQW8hdCAm8ZDugoikzREdCJ2okJPBx6azFLNOwoOgcxojJ98JkaTSJxMpklKrCAKhZGI0drTY/wU5lXoJYibannV9NYy4oozNEAkPHTjop+DTDxVGkIgYJNoyQQJtiIW+EMjGAjm649AjGIaqswcEZQKJ2QPlJbqytki6ZXAAZRJ52J2McaUowzAfs+uFzrYhnzaapphiPWdaJWShqxjqa6kTTQ205TVbsfMa6htL0iYOsXpJrQjHSmCkv1QGPtiHqlYcQ21Gj7fcDU8xOEUuNgSltPzexh+HqFlanCBHZ4OLhCV+gK/3OF6vWvucLv98MUOY2pwu/PS/+D2qJU7pYGbOvDFDW+bbON9p3o3oRxn0bfLgZTgSn6pSfrtr56qLHemtHPTK2319SzGvtjQ9qeb39Wgc66Cm073nd0U1PzDdJCO3Gzn6TKpl9Zq7ujGWsQhlA3NwWIMwG9zM08Y/tBrR9VWeczv5CSQuuUNKIUTk23ZJ5RKfVhjnkXotfWIlgX2BSCDYbZR+QTcLhb3dKZDUY2M0d4KWItwhHRah/zsrOgKw4wycwjcgEVcgQDQo23CqSiWEJkFAfod2oE1uIZdA1OsCPqFXYNTjCfb8Ez+iX2x5sKLlVbhtqdDcar9ZevhnbZxoBUD35k23t0d304LYs1ELVbnfFaZ/REJJX9niP8Q19moZGo3m8XR/yBvOnjFftncI2c8ZuNo7WMP5HQh6yRGrlmFOJTnyTcT+zRlqPUBI2gTVWNUzUna1ERgecgF4GpNBQ38jGqxVLzQA1A31Rrhk6Yz9QEh/WND0GnuG9huhiTXJkxfAizTHLr6cbJKN6UCU6x/2DTRE1xEeEXi3O0ZUqBN4nJRzHhFB1JPlFTBZlI2kQ8zc3KJ1Le8DIRmFJiknuVS6RK4Ej/JtBfJErDSzOBiY4wJHX6Z1I4v1GUmdCPNirnLLeg3oJLcbX5PcpHNbRvOa1A956QmRPOUXVF+zkaUJynpkYR0bOMJH2nNej1pqyV/aKkz9jr5yj5vrXXz1F5SQLACiMapmierj2ikLyleKdlA/I/2oFxiglxx9B+mHwz0lf34IZQfhDRhlD6bhvgEAoPYooHkTczSIZTLC+cEExsoNKZiGBiY9cCfo/Y/SjIOBMQizWWTe73CMUasJx7jlD+DdKdWUKoY4PRYFtGpO0G1Lx4RaadgTtJhf4fiGqGIwKWCGuGIwKWqP+7IxYCzygjR9IAO5pC7Da9g70TBVpWRNgFBlgT8RV2WxHbKwJMv4BOaEaYaU2K16yZMN/qgV+G7IWIvwyZCxHeDQMsR8wg0DBDDXB5H2EV+hkEGmaoySHQsEJNFoGGFWrAq98JRhUMX1iMMMqLLEIpK5jCbd4vw9nSt/72lewXiN6jmdjfq8Hdknlk92ZwJnbIMMRM7JBhiFlUFoHd1UWaP1QKsPsHA5mkNB+Smn9r+138jGzYzgAAAABJRU5ErkJggg=='),
(25, 'adfadfa', 'adfadfdaf', 'adfadf', '1980-05-05 04:00:00', 2147483647, 6, '2019-06-05 04:00:00', '2019-06-05 04:00:00', '2424', '1234', 0, 'data:image/png;base64,iVBORw0KGgoAAAANSUhEUgAAAOEAAADhCAMAAAAJbSJIAAAAMFBMVEXFxcX////CwsLGxsb7+/vT09PJycn19fXq6urb29vOzs7w8PDe3t7n5+f5+fnt7e2uCwolAAAFHUlEQVR4nO2dC5qqMAyFMTwUFNz/bq+VYYrKKJCkOfXmXwHna5uTpA+KwnEcx3Ecx3Ecx3Ecx3Ecx3Ecx3Ecx3Ecx3EcA2iO9cdIc5PUdO2l78+BU39p66b4HplE3eU6VIcnqmNfl1+gksr6+iIucr50WYukor7+re6Hoe1y1UhNO3zUd+fUFRmKpOa0Tt6dY5ubRCouG/QFzk1WGmnt/JxzykcjdZ/jyxJDLlOV2l36AtcsJJb9boG3YcR3DuqODIE3LtYKPkDdmwRmpUToUaSaq++AvRgZMWbOubQW8hdCAm8ZDugoikzREdCJ2okJPBx6azFLNOwoOgcxojJ98JkaTSJxMpklKrCAKhZGI0drTY/wU5lXoJYibannV9NYy4oozNEAkPHTjop+DTDxVGkIgYJNoyQQJtiIW+EMjGAjm649AjGIaqswcEZQKJ2QPlJbqytki6ZXAAZRJ52J2McaUowzAfs+uFzrYhnzaapphiPWdaJWShqxjqa6kTTQ205TVbsfMa6htL0iYOsXpJrQjHSmCkv1QGPtiHqlYcQ21Gj7fcDU8xOEUuNgSltPzexh+HqFlanCBHZ4OLhCV+gK/3OF6vWvucLv98MUOY2pwu/PS/+D2qJU7pYGbOvDFDW+bbON9p3o3oRxn0bfLgZTgSn6pSfrtr56qLHemtHPTK2319SzGvtjQ9qeb39Wgc66Cm073nd0U1PzDdJCO3Gzn6TKpl9Zq7ujGWsQhlA3NwWIMwG9zM08Y/tBrR9VWeczv5CSQuuUNKIUTk23ZJ5RKfVhjnkXotfWIlgX2BSCDYbZR+QTcLhb3dKZDUY2M0d4KWItwhHRah/zsrOgKw4wycwjcgEVcgQDQo23CqSiWEJkFAfod2oE1uIZdA1OsCPqFXYNTjCfb8Ez+iX2x5sKLlVbhtqdDcar9ZevhnbZxoBUD35k23t0d304LYs1ELVbnfFaZ/REJJX9niP8Q19moZGo3m8XR/yBvOnjFftncI2c8ZuNo7WMP5HQh6yRGrlmFOJTnyTcT+zRlqPUBI2gTVWNUzUna1ERgecgF4GpNBQ38jGqxVLzQA1A31Rrhk6Yz9QEh/WND0GnuG9huhiTXJkxfAizTHLr6cbJKN6UCU6x/2DTRE1xEeEXi3O0ZUqBN4nJRzHhFB1JPlFTBZlI2kQ8zc3KJ1Le8DIRmFJiknuVS6RK4Ej/JtBfJErDSzOBiY4wJHX6Z1I4v1GUmdCPNirnLLeg3oJLcbX5PcpHNbRvOa1A956QmRPOUXVF+zkaUJynpkYR0bOMJH2nNej1pqyV/aKkz9jr5yj5vrXXz1F5SQLACiMapmierj2ikLyleKdlA/I/2oFxiglxx9B+mHwz0lf34IZQfhDRhlD6bhvgEAoPYooHkTczSIZTLC+cEExsoNKZiGBiY9cCfo/Y/SjIOBMQizWWTe73CMUasJx7jlD+DdKdWUKoY4PRYFtGpO0G1Lx4RaadgTtJhf4fiGqGIwKWCGuGIwKWqP+7IxYCzygjR9IAO5pC7Da9g70TBVpWRNgFBlgT8RV2WxHbKwJMv4BOaEaYaU2K16yZMN/qgV+G7IWIvwyZCxHeDQMsR8wg0DBDDXB5H2EV+hkEGmaoySHQsEJNFoGGFWrAq98JRhUMX1iMMMqLLEIpK5jCbd4vw9nSt/72lewXiN6jmdjfq8Hdknlk92ZwJnbIMMRM7JBhiFlUFoHd1UWaP1QKsPsHA5mkNB+Smn9r+138jGzYzgAAAABJRU5ErkJggg=='),
(26, 'adfadfa', 'adfadfdaf', 'adfadf', '1980-05-05 04:00:00', 2147483647, 6, '2019-06-05 04:00:00', '2019-06-05 04:00:00', '2424', '1234', 1, 'data:image/png;base64,iVBORw0KGgoAAAANSUhEUgAAAOEAAADhCAMAAAAJbSJIAAAAMFBMVEXFxcX////CwsLGxsb7+/vT09PJycn19fXq6urb29vOzs7w8PDe3t7n5+f5+fnt7e2uCwolAAAFHUlEQVR4nO2dC5qqMAyFMTwUFNz/bq+VYYrKKJCkOfXmXwHna5uTpA+KwnEcx3Ecx3Ecx3Ecx3Ecx3Ecx3Ecx3Ecx3EcA2iO9cdIc5PUdO2l78+BU39p66b4HplE3eU6VIcnqmNfl1+gksr6+iIucr50WYukor7+re6Hoe1y1UhNO3zUd+fUFRmKpOa0Tt6dY5ubRCouG/QFzk1WGmnt/JxzykcjdZ/jyxJDLlOV2l36AtcsJJb9boG3YcR3DuqODIE3LtYKPkDdmwRmpUToUaSaq++AvRgZMWbOubQW8hdCAm8ZDugoikzREdCJ2okJPBx6azFLNOwoOgcxojJ98JkaTSJxMpklKrCAKhZGI0drTY/wU5lXoJYibannV9NYy4oozNEAkPHTjop+DTDxVGkIgYJNoyQQJtiIW+EMjGAjm649AjGIaqswcEZQKJ2QPlJbqytki6ZXAAZRJ52J2McaUowzAfs+uFzrYhnzaapphiPWdaJWShqxjqa6kTTQ205TVbsfMa6htL0iYOsXpJrQjHSmCkv1QGPtiHqlYcQ21Gj7fcDU8xOEUuNgSltPzexh+HqFlanCBHZ4OLhCV+gK/3OF6vWvucLv98MUOY2pwu/PS/+D2qJU7pYGbOvDFDW+bbON9p3o3oRxn0bfLgZTgSn6pSfrtr56qLHemtHPTK2319SzGvtjQ9qeb39Wgc66Cm073nd0U1PzDdJCO3Gzn6TKpl9Zq7ujGWsQhlA3NwWIMwG9zM08Y/tBrR9VWeczv5CSQuuUNKIUTk23ZJ5RKfVhjnkXotfWIlgX2BSCDYbZR+QTcLhb3dKZDUY2M0d4KWItwhHRah/zsrOgKw4wycwjcgEVcgQDQo23CqSiWEJkFAfod2oE1uIZdA1OsCPqFXYNTjCfb8Ez+iX2x5sKLlVbhtqdDcar9ZevhnbZxoBUD35k23t0d304LYs1ELVbnfFaZ/REJJX9niP8Q19moZGo3m8XR/yBvOnjFftncI2c8ZuNo7WMP5HQh6yRGrlmFOJTnyTcT+zRlqPUBI2gTVWNUzUna1ERgecgF4GpNBQ38jGqxVLzQA1A31Rrhk6Yz9QEh/WND0GnuG9huhiTXJkxfAizTHLr6cbJKN6UCU6x/2DTRE1xEeEXi3O0ZUqBN4nJRzHhFB1JPlFTBZlI2kQ8zc3KJ1Le8DIRmFJiknuVS6RK4Ej/JtBfJErDSzOBiY4wJHX6Z1I4v1GUmdCPNirnLLeg3oJLcbX5PcpHNbRvOa1A956QmRPOUXVF+zkaUJynpkYR0bOMJH2nNej1pqyV/aKkz9jr5yj5vrXXz1F5SQLACiMapmierj2ikLyleKdlA/I/2oFxiglxx9B+mHwz0lf34IZQfhDRhlD6bhvgEAoPYooHkTczSIZTLC+cEExsoNKZiGBiY9cCfo/Y/SjIOBMQizWWTe73CMUasJx7jlD+DdKdWUKoY4PRYFtGpO0G1Lx4RaadgTtJhf4fiGqGIwKWCGuGIwKWqP+7IxYCzygjR9IAO5pC7Da9g70TBVpWRNgFBlgT8RV2WxHbKwJMv4BOaEaYaU2K16yZMN/qgV+G7IWIvwyZCxHeDQMsR8wg0DBDDXB5H2EV+hkEGmaoySHQsEJNFoGGFWrAq98JRhUMX1iMMMqLLEIpK5jCbd4vw9nSt/72lewXiN6jmdjfq8Hdknlk92ZwJnbIMMRM7JBhiFlUFoHd1UWaP1QKsPsHA5mkNB+Smn9r+138jGzYzgAAAABJRU5ErkJggg=='),
(27, NULL, 'adasads@dasd.com', 'pimpollo hernandez', '2019-06-20 04:00:00', 43874783, 5, '2019-05-20 04:00:00', NULL, NULL, NULL, NULL, 'data:image/jpeg;base64,/9j/4AAQSkZJRgABAQAAAQABAAD/2wBDABALDA4MChAODQ4SERATGCgaGBYWGDEjJR0oOjM9PDkzODdASFxOQERXRTc4UG1RV19iZ2hnPk1xeXBkeFxlZ2P/2wBDARESEhgVGC8aGi9jQjhCY2NjY2NjY2NjY2NjY2NjY2NjY2NjY2NjY2NjY2NjY2NjY2NjY2NjY2NjY2NjY2NjY2P/wAARCAKqAgADASIAAhEBAxEB/8QAGwAAAwEBAQEBAAAAAAAAAAAAAAECAwQFBwb/xAA8EAACAgEDAwIFAgQEBQQDAQAAAQIRAyExQQQSUWFxBRMiMoEGkRRCUqEjscHwM0Ni0eEkNHLxBxVTgv/EABgBAQEBAQEAAAAAAAAAAAAAAAABAgME/8QAIhEBAQEBAAICAwADAQAAAAAAAAERAhIxEyEDQVEiMmFx/9oADAMBAAIRAxEAPwDwqrl2FEvPiv70S+qxJW5L9y4utK9vwOjB9bhXJL6/EtrBroSGkcj+IQ8EP4jFbRC67gWxwP4l4SJfxKV6JA16YV6HlP4hPwtSX12R6g161BZ4z6zI1Vk/xOR7thNe3a8oXdFfzKvc8N58j3kw75vkGvceTGtXJfuS82JPXJH9zxO6WzYNtVqMNe0+pxL+dfuhPq8KX3HiNtvdgDXsPrsS8sn/APYYvDPKVDaT2GGvTfxGHERf/sY39p5qr8jStjDXpR+Iw/mTNMfWYsjq69zy0lzRviwRyOlyMNeommrTsDPJ8N6zoorJjjLJCtUk2GLLHKrT+pbpkxViZQATVDBhyAg/AwrQoQeowAQ+BfgYCHoFBwAC5GG+4C4HQMAAXIwAQDWwLcBMBvbQQBuxV+xXgRAIGHI+ChcBsh7BwwODqn6HP7HR1L+owIh/2EwfgGFQ23KyMpo9XoZ5t0CI9hAAUxLYdgtwp26Fr5KoK0uzbmmmFWVpoGlEE0HaynQXfAEqIdupV+EGvgBdtiqimm9wp2BIUVsGgE8j5G0hUFDENr3CneuwQq1GAAG4WGo8cXOaj5AXAWbLpp91LVeUVLp9qfGt+QME2b4sna9yPk9uRJyTvUp44x7qkmwP2H6d+PYYwfSdZTw5FV/0n57r4LD1Us2BpxctkebjyOLtM0nnk1V6A16uLIsmPuiUzzvh2asssbf3bHo8GVABQBSChgAgGHJQg/AVqAACAOAAADgADQA2ALAAsgA9wEUMW4wAQigaAQ7ExgAp/a9Bik9AODqNZGJr1H3GPBENBwg3DgCYq29jLL97NY7swyKpvkEIAANH4HHixasI6BYvQdIH6MWxtzG3AxchQBdMN2N1wIBi/Itg9wKbtCsK5F7gMVoOQYANSJrwFBT7mHdwKn4KjjnKqhJ+yGUTYNm0ekzy2wzf4NV8M6x7YJ/sXxv8McgJuLTXB3x+DddNWsEl7mq+A9c2k8bSfOhfDr+GPPWeajV6Il5JeWevD9O9TJ1KSjemqOnF+lss4pvKl6dpfi6pj8+mwaXk/U4v0rC13zk0zL4r+nun6XosuTD3ucY2rfh6mvh6wx+bWjB1e4oaxDeRxQ8cnDIpLhnuwffBPyj8+9Ge30Mu/povlEWNqAqhOluyKVBwZz6nDDfIjCXxDEttQa6qrYZxP4jj/pf7mkOuwy3l2gdDYURDNjyfbNMsoXID5ABD5AAEAwATFrZQiADbUTAoYgCkAAHqMBD5CtQAGKX2lWRP7SDz8z+tmfBeW+5kcBD4QnpsMTYCxq0zDI/rZvj+055fcyLCCwAqnyOhcjCxaXlA1+T9Sv0xBPXLp7f+TSH6ZxJJNt/v/wBz0/D0xj8kk7uh9sj9pD9O9KnrC/y/+50Y/gfSQ/5X92X4KuPwixyk9It+xcemzN/Tjm/wfv4/C8EY18tUbR6THD7YJF+H/pj58vh3Vy2wT/Y1j8H62W3Tz18n0COBLgpYUuDXw8mPwMfgPXy/5LX5RvH9N9ZJ6pL/AH7n7j5SGseuxfi5XH4uH6Wzy3yJfj/ydEP0pX35X+EfrexIfYvDZfDiLj8zD9L9On9dv9/+5vj/AE50UV/wm/yz9AsTe0WWsGS9IMZzDHiQ+C9JHWOJG8Ph2GH240j1V02Xft/uUulyN8IvlyuPOj0sI7RVF/Ij4PQXRPmevsV/CL+r+xPOGPK+UoOX0u3qJYm9aejTSPXXSY1vb/I/4bEv5f7k+SGPIUMi0cFS5suCnbXZzuelifTyk4wpyRomtKWm2xPNbz/XnLDPSlL9jn+IdDlz9Nlj233QcVxue29n7GLl34lL0LPyVMfHoaNr1BnT8Sw/w3xXqcW3bkkl7XoczR5LMrkho9X4VK8Uk3szzGjbDlnjxyUXVmR6fUddjxJqP1SPNzdVkyv6np4MnqSF0NtiGLgIQwoQFKTi7To6sPX5IUp/VE5BAfoMc45YKUXoyjk6R9uGHGh1kaIBiAQBwFlADAPcBDB0IAsdioAB7BwDGABsIZAycn2jIy/awPPyv6yR5NZEoIaJnVNlmeUAj9ng529TpX2Nvwc3kLACD8AFVQ3sJA3aDT6t2LTQOzxep6bx4YuqSaVj/wAKH9K/J7flTHnLHL+l/sUsGTiDPQ7oLlEyz44070ujPyVcccemy/0f3KXST8UegtQoz8lHDHo5Xbn/AGLXSJbyv8GnflUftt7fkf8Aid1tutqr1Hn0M/4SHLKXS4l/L/cUo55KXbKrejrZV/3KePI9pNcX/v8A3oTyv9UfJxL+VfuXGMVslREsEpJq6vb0NYQ7IqPgloTWmhl89WvpdVq/B0GSw40qUVTJol5VWkbS3F82TX0xt+L3fj+xsoRVUth0vBdEQl3wUktHqgyxcoNJW+C0qVJaBTJoxwQnCDU3bLasumJxfkaOTF0ixZe/vtK+1VsaqHanru7NHETia1q232ltUZtJRauzT+W6OGPWueSN46xzl2xlf+hqI+f/AKuw/J+P5HVLJGMl+1f5pnjSP1n6+wdvUdLnS+6Lg37O1/mz8lJ6nLv2432oqGvcvKIReN/WvUwhVoKhvTQcGu5XsiCVCT2iylgyP+RnT89fypsmXUSjq46P1A5ZRlF1JUyTbqJ981La0mZAAthiA9fCv8CHsdMPsTObC/8A08fY6MesUZntpXAhi4NBAMAEwAXAAPYBcAMQMABDF6j5APUAAgLZGX7S0Z5vsCPPnuyUOX3MRA1voRM0VGOV0kBb0g78HLR0Sb+SzAqwAkD38lRStBYdV7EyK9GTLWiNV9sy43OUZbNXT8XyZR6V19Urdb+K/wDo6qbDsfk7eQxXTq27e9lPDGS+rXk1UPUfYh5JqVSVDbK7V4GkZ01CXoFPwaUA1NZ0/AOLNBVY1dZ16i08izwnKKUHT8mccU3GSf093jg0rV0T3xvfUj+Hk5K5ul/cqPTxi9NB9AeWKzLFT7mr2NaClo+UBAUKihUEIRVMVBUskvtFRdVlWlM5P4HGsildxWqj4fk73FEuKNyj8n+u8PzPhUMiWuPInfo9P+x8/ex9Q/UnT5Oo+DdZjcV2qHemt/p1/wBD5hwZ7/rn17CKTqafqREZzZaTVSfuSXk3T8omNJpvbkDTHNJKwnU4pa6ehp83BHbT8FLqccdkyDmzJx7E1r2ozNc+X5uTuqtKMgEAcAB6/T/+3h7G+H7Tn6b/ANtH2N8L3MT200ExsGaQhMYigFuMAoBgHuACGIIADkEFAxLyhkAtTPO/pNDHqPtCOCX3MXIPcAGvUzyLu7UaUS/uRBGRtQpmBtnMkVYCkSiiNQPXfcUtGV7kPUpX275s6+1OVapeTdaoXar2GrN2oYCVjogYWFBSCC0FjoCBC1KAommFFADU9oqKAKml4AYACAAoBNCaKoGiiGJlNCKqGJooTK05eqxrLhyY5bSTTPj04PHknCSqUW0z7PNWmfJvjuD+G+OdXj2/xHJL31/1L16Z7eaNhyDObm1krxwfpRHJUdcPsyQhMQxAHIABFIAYAer0j/8ASxN8Lts5+id9MjfDpNmf202EMDSEIYAIAAilwMAKDkTHvuIIACgAaAACgx6n7TZbHP1LpERwvVhQP0GtgHsZyf1l3uZ/8zUCM26MzTM/qRmFio6PUfIR3FyRsc8jxq5pBrumPDrkLGa+5gEpKKtkrJFq000aRQErJF7Mal9TVcWBQCf22YKeRtVu9k/7gdIGNZpXsrTrUpY5LIn3Sa5Tf+/P9kMFSnGLSbrkfcmrWqIlj72u6vtaf5KjBR2/YCPnRtJXbV7C+btpvGy1jitaK7V4QGXe3JeHG9Ai33RvdrU1pJVQq1saAKGACAAAAGIBMlopiZViGJlMTK0zkj5t+uOn+V8b+ZWmWClfrt/ofS5I/D//AJC6f6el6hLZuL/zX+TNfo69PxL3HwD3TA5uTTHrjmvyZmmHSTXlGb3ABDEEAAAUgDkCD0ug/wDb16nTj/4hy/DneGS9Tpx/ejH7a/ToFYcBubQtBMb0FugAAAikMQ6CDgQUBQAAAMBDADm6p6HTRydUQcljTEMBPQz/AJmzV7GUU3bAjK7kRRWT7iUFiluADI2Vs06datmb9DTDpFsrPXp9uWJ3bk3rathHCoL6a2o1BGtTWccUY/tRaihgTU0VpQqXgYwEMAAVAMAEAAAhgACAYgAAAKAAAExMbEVUiZTJZVS0fmf1x0/zvgcppW8U1L/T/U/Ts8z470/8R8I6rFy8cq960N8rfT5G9hoHt7AjDkcHU4+4SVSYno0y8v3v11AzENiIAA4ABMABgd/w53jmvU64/cjj+G7TR2L70c77ajoJZRJoDEwYBC5AAZQAMRFMQxFQAAMBhYkMAOPq2dbOLqtyDmrUYh+oDf2mcW62LktDON9oGUtZCQPca3DUPcd6AhIjQb0HGVRJYJFZ6feARMG5RUnpa28Cfem6p+CstBWjOp1fNCjjbVttWFxrZMsijuhxjSS8DcU90EKEu5WlRS1QkktEMAAAIAAABAMChAMQCAYAIBiACSiWVSEMRWksxzR74Si+VRuzOZqLHxnq8P8AD9Xmw/8A85uP7OjJHrfqfB8j4/1MVtKXcvyjyeSde3KhvUvJqovyiJcMqWuKPoyCGIYiIBDEFAAAHZ8Nf1TXodv8xw/DnWWS8o7nuc77ajo4AFshGgMXI+RBBYCGAhiAqgAGQIG+OQCld8lAMAoBHD1W53s8/qXb2IjAYhkBLYhJ9nsXLYhv6X7FGA0Lca0DUPgNkPgT9CNEzZQ00Md5I6qpFY6fbhgBUAAAAAARAADABDABAAAAADCgQxFAAAAAAgAllMRVSIYFUmZyWhoTIsaj5z+vcHy/imHNxkx1+z/8n5bk/ef/AJBwd3R9PmW8ZuP7r/wfg+S9OfXs5LT2LjrhkvGpPBWLXuT5RllmxDEAhgBFIQwA6Ogf/qPwei9zzOiddTE9R7mL7ajZfagYQ+1AUDEDBtFAIAAYCGAtwDkGQAmMCgQxbDCE9jz+of1UehL7Tzuof1EGWwxD2AUthSbWMctrIyP6QMClohDWwaiuBOgfAPYjQWs0dE3o/Y58duaN8ukGyudfcQAAAAWoBAMQwEMAAAAAAQxAAAAAIYiqAAAAAABCGyfJVDEMAqWSy2SzSx+e/WOD53wHPrThUk/ZnzCuT7F8Uw/xHw/qMT/nxtf2Pj7XbJrwy30z0TKwuskfXQkSdST8MywJKm0IvKl8yVbEAAhiIoYAAGnTOuoh7nqvc8jC+3NB+p68jHTUbY39CGTjf0FlCEwEVAAAAAAAAAAUAAbsAGIYQn9rPNz/AHs9Gb+lnm5X9TIIHwKwAUno7M8n2+5c3wRl+0gz5KWxBaDUN7kO7KZL1egWrwq5mubTHRHTrVsrO/pr1Kx+33Duk2k1uCi9NaS4LApoSAYEQAAAAAAAAAAAAAIBiAAAAoEF6g2lyUAmrVMn5sbktu10JZU59qWj5C4WHFLH3d0+63a02K/mKFLgoTBjEFITGJlVjlXdFp8nx/4pi+R8S6nHxHI6/c+v51ofMf1dg+T8cytbZEp/7/Y3n+KdPETJe4wZhzXl17X5SMy5a4oPxaIAAARFAAJgODqcX6nsS1j+Dxk9Uew3/hL2MdLGuD/hmh5+LNOLpPQ74y7opligWwwKhAAAAAAAAcAFAACIDYAAqFP7GeZl+9npZPsZ5uT72QT7gIYGctZULLwi1XzL8ozyb6gQUSiyNwmRyW2QUrowKotk9Q02jTAvoMc7+sMft94AACAAAAAAbpAAErJGUVJNU9SXnhaV7jDGgGWLL35JxdaU1XKf/wBMxc80LtW26WvCf/YuLjrE2ktXRzNZpZE1JqNUU8DmmsjtN/7Qwxs5Km7WhEsvala3V6BDDGPcltLdFfLj7pbLwD6ZPqNUu16tpful/qJZcspOPak0v9/5G6ilwMauxz/LyNtqTSbvX2r/ALMP4dyac5bbLw9P+x0ANNZSwpzcrptUP5MO7u7Vfk0ENNLYT1RQgEIFsDKpMTGJlVllVxPwP68wKPUdPm5lFxZ9Alsfkv13g7vhePLu8eTf3Ok9Ydenz8TB7hwc3Na1wteGZl49pryiAgEAEUAwEAHrw+rBH2PHPY6f/wBtBNcGOlji7qkdOLP1GSNY8SSXLZrgwY2+6UU2trOksVyf+sTuoP8AJE+ry4pf42HTynZ2kzgpxcZK0yoUJxyRUou0ykcPS/4PUSxcWdwAIYAAhgAgHyIBgBGSXbEgMr+g82esmdzl3Y2cMn9QCBgFATetvwZZN9TVK20ZT1kFJFepCLI1EyZI5bhuVmuvFpiRy5Xc2dSVRRyy1k/crMfeXJLdpGfz49zjT0df2sn+Hcnc5W63S5/2i3ii5W9Xp/bYfS/SX1CulFuXj8E5c84rG8cG+9XqtudTeMIx2SQwOZSzTapOMWtfJr2Sfa21a3XDNAGmsY9NGOi0jpp7FRwwi7S1NLS3ZLyQV3Jab67DaCOOEftilokUYvqId1XzzzrX+YvnuUbikm13K3p6DBuIxcnPtaT7Zxu1wyHizybfzO3wls/cYY374ttXVEyzQUHJST0sPkp6vd1f4FHp4R228cD6FQyKbpblkqEU77Va5KAAACIBDEVQIBBS5YMHuBVITGJlVnkkoK2jxv1Pg/iPgfUrdqPcvdHtSSa1Ry9ZiWXpcmOtJRao3yv6fHJ7k8G2eHy8s4PeMmjIxXE8T+tLzoTsEXU0/DDIqnJepFKxAIBgXjwZMkqUWvVo7sHRwx6yfczNqyMuk6RyqeTbhHoNaaCQMxbrWI+VLJ9uSUGvBEs+fp6WWHfH+qI55XiafDep1KpwT3TNxKjHlhljcJJls5snR1LvwTeOXhbMxn1mXHePLBJ8SRUH3dV3LmZ3HJ0cVObmtVHRf9zsAQAMBBwAAAhiANjk6nJrSOjJKonEl8zKQbrTCcbvuO7Ku3GcL3ABvYQNgKPLMJ/czaL0Zi9woW4+GSh7oNRLHFfUkHIQ+5Bmutv6Tjbts3nktGAZj74LuXlEQU19ztVTvyTHA04tzk6ilr6clU8meMYuUZKXa9a1oHkU8cuy7S43vwJdNBO9dd/U0jjUZNq9asfR9MH1GTtUlBNOttas1ksjk+1qq0vyX2rwhgYxwyUO2U3K6tvcUenWjm/q5pb6V/v2NwGmo+TB7xT1taba3/mN44uPbVL0KAiEkkklshgK0+QGAAAgAAAAAKQMAKEAAFSwGxFUhDYmVUsxy6GzMcuxvlp8o+PYf4f4x1WOtO9taeTzGfo/1pgWP4v8xKlkgn+T84yd+3Gpe5344QyY4ycFbXg4JHb0zbwacHOkX/DYv6S1hxr+SP7HFl6jIpUnoZrqcq/mMfbT11sM4cPVyktUtDpjlUqoitRkpjIqMkFOEl41Rr0l/IVmGfI8cbTIXW/LglGNrybjNdubIsWKU3wjxYyy9Vmptu/PCK6rrJ512OlH0M8D7b7XqVHofwksX1dNld8xb0ZWHrbl2Z4fLl5eiOSGXJCVptG7zY867c0Ff9SWw0d6aa02A4O7J0usJfNxfu0dmLLDLHujK/8AQosQwAQm6GRkdRbA5uonwjPB9xGWTlJijLtWhB0dRkuNHIXKV7kgHA2JAwJWkWYWb7QZhyFhi8j9xBSBbgOKCUSbFuVLYkI++AABAAE5O5RuO4FAZp5Hukh/Ld25MCu6PlEvKk41qpOrXsJYIKt3Xll9q8AZ/MnronTaaXGun9gfzJOUaqqcXejNaADNwk5N92ngI4lFp90nXqaAAhgACAAKoEFoV+gDAWoV5YAxdyFVDpFVLfoxgAUiWUyWVYlmc9jRkS2Nxp+H/XmB9vTZlw3Fn4uW59G/WWBZPg8pVrjkmj5zLcd+3Lr2lnd8MafdFnCb9FNwze5yqR3Z+hxTbabTfg5ZdAl/N/Y7u9sV2c9bccem7OTVQo2dEgWtCjNTB5EkQYddKopHHCdKnqmaZ8nzJ+iMWtbRuM0ZMfa99OCYtxehrD604vdbE9pRayWtVTDvEkgdLkC45pRej08PYcc0sc+/Eqb3jwzEIpxdpsD2Om6mOePiXKNjxHll8xTjUZLxpZ6nSdR8+H1aTW6A3MM+kToMssbRRwxxuTto0WH0OmGOjRY0B52XH2mVUdvVRpHJXJAhPYomX2sCH/w6sxZtJ/T6GIWCwDUABLQqDS3J4ECqyST2JAECPvgAAZAAAAAAAAAWAAAUACsdBQCv0DUYAS16hQwKpUAAACGIAYhiZVITGJlUmSymSyxqJJZRLNRp5Xx3D8/4X1OOruDPlE9z7J1EFOEovaSpnyHrcbxdVlxv+WTX9y9+nPtz8jg+2aYuRPc5MOyOWS5LWd+hyW9w7mYxddnzb5F8w5o/MlsjfH08205fsTF1ablwHNM0UUnq6G4rutalxHBlh2TaexKaOzqcTnFNLVCwdG5a5NF4GjmxX81Ca+p+56sMGLDrFW/U583SqScsa18eRq44kgodOLprULKhVqIpiAQ4ylHWLaYqGB1YuvyRpTSkjuxZYZo3F/g8dDi2tm0B7qVDo8vD1uTHpKpI9HDnhmS7Za+Cjn6w4zt6s5KIIJnsaGc9EBnPYz4LyszCwAAIKctESVIkJQHIAtwPvhLnGO8qt0PtV2HanwGQpXsMAAAoAAAAAAAAAAAAAAQAAAFIABlCAGxN0FMQm3wS02UNsWgdvqFFaJkspksqkSyiWaaY5dj5f+p8Kw/GuoiuX3fufUcmx8+/W+Ds+I48tf8AEh/kav8Aqx2/LMGDB7HFzdOL5Py13OnyaxyYY7SQ+ixwy4H3q6Z0w6bHB6Ixq4xjkhLSLT9kaNPlhluO2xEJWTVxaj+Sk+20F1shO29ENFXWu6BSp+glDy6K+lIir3RLVbEub2Wgdz01/wDIGebFHKtqkcMouDqWjPUi4zut0Z5cUcialuuRqPNsCsuN4pVIg0GMQFQWNAPYKRSk1qm0yQINv4icklJ3RSkpbM59KGpNMDdkTdiU29HsKTWgRnl3M9y8juRBVgGtRDiFEtWSN7iCUAgBb0B98ATYvqDKgsVWCSQBfgE9RgAtQoYAFUAN0K/ADAVutg1AYrFQUFDdCsdAULUKGIKVIKoYmUDENslsKBMGJsqwmIGJmmibJY2Syqiex+P/AF1hUuk6fKt4zaf5P2DPA/V2H5nwTNpfY1I1+mevT5o9xFS3JODk7/hj0mjud8bnmfD5duVryj0t1uc61D0kqZhLFUtNGbPTVboJa00RWSdOmU74BpMhS10KC15spNXoOStWkSA9A0frYbrQe5ROzvaufBqpXo9zMK0/0IKyYo5I00efnwyxS2+l7M9CM+HqvJeSClFrdMs+keQB0ZOkmm3FWjCmnT3KDgYkMAAENbgKkHuhi0aCh0IYqYQpLu33RDTW5YtyiCk6HSvQGFiHqxPcAYZoQAPgK+9gBLbvQMqAn6gr+4DbSCwpBtsFLUdMYBBQqGAAIYgAAAKBAIoAAAoEAigYmAitEJjYiqTJY2JlUmRKSTSbpstmU8cJNOStrkqlkl2q2cHxXEs/w/qMb/mxv/I72Y5UnFoo+PZFUmmQdfxLD8jrs+Kq7Ztf3OU5Wfbg16SXb1ET1L7ZU9jx8b7ckX4Z7NKSOfTUUgp3psRCTjLsl+DYyrKSaZnKN6rc6qJcVexRhBvkpwvVbmtImTS3dAZ+wbkZM0U/o1ZhLJkk7s3ObWfJtKag/q0JWeHrXsPG8LSU25SfnYt48Ut416o3OGfJMckJuk9f8zpxp1/0nFm6WUU5Y/qijHH1OXE6T0XDF/H/AA8nrJGebpYZdWqlwxYephljadNbpk5OtxQbSbbXocrLG3BmwTwy+pezIN83WSzRce1JHOUMOQ1BAAADCk/YelAtg7dQJbCtNC9FxYm/GiCYSi3vsFRWgV5ACO1cEyVPU0DimUZAW4+CardAferABFQwAAABWDkkgGBLk+At0BYgAgAAAAQCZQyRkhTAmU4x3fqZyzbqMW2XFxqJ6EJzkvC4J+Xa+qTZcXGncrqxMiOOMW2t2UVQJhZLZVDEwslsqgljslgJmWRWjRkS2KPmv6rwfJ+NZtNJ1L90eIfrP1zhUerw5Uvug0/dM/KGOvbhfaT2sD7sMH6HjM9boJd3TL0dHLpY2nC1putioJ19W5Vaa6GOTqMePRO36bGca1s2Z5M0YL6mcWXrMs9I/SvQ5n3SdydnXn8Vvti9x3vqVN1B9vqzOWDLN33xn+TmukEcrhJNaPyjp8eM+WtZKWN1KI1JP3NMXVqS7cy7483uXk6eM4d+GnHfTg1ErFtUKOSUPt1XhkfVF09iq1s1jGu3Hl74/wCGq82T1HRrNHugqn/mc+NuMrjozrl18MeP6If4j3smX9LrypY2m4yVNEONM6Ms5ZZuc92ZyVod8bFnWITKQlS3Hd7HldoYhpaaux48UpPRV7gJO3WxSj+Tohgilb/dmeTLGH0wW3JcNR20DjRPe27bE5qt7IpurFaIlKkR3MYmt3GXb3dr7fNENp8iefK4KLnJx8EX5Lia05AlMad0iAHugYLwFfdboViA0BtgrCwsA7R0vAWJyoooCFJaBbshjQVka8sK8gxTlQWTaSBOymKbJc0t2c3xCeXH0rlidNb+x5kfm5a7s8mr+rXT8HTj8flN1m9Z9PZjmxzm4xnFyXCepZ4/Q41j6vHkVxU4tNN8nrk758b9Nc3SkovWSuiXkSWiKeqIuKJGjtteCO2VNN/3G53smJuV6aFaNLtVWDkkTT5YUih2Jg2S5ryMUMTZLnromQ5PlpFwaWQ5LyZyvtdO2YtTpNzUbd1dUanI3lkSi29EuXoZzyUrlJJeTGcsbdTbnFr3Q5xWaEsco1HSmayI/OfrPGsnQ4ssal2Tq/df+D8QfQP1HiwY/g2bG8kVN1KKlLVtPg+fs5fkzfpy6L3OrpOp+Tikqt3aOQ1wK7szxNuVm3G8+oy5LuTrwRdKh1QmdvCRz8iBCbBbmoh1Yu03ww75UdObpPlQUn26rhnWcbHO9yXHmtOLs1wdRPp8lwf0vdeQybUZHLrn7dZXrZMWPqMSzYduUtzkUabT34J6PqHgyrX6H9yPQ6vBD5fzoawavQzPq5S/bj24JyKPbq9SJ5r20MpSbdtnRkNi3E2Lu1pbktkWRXI4RlN1Ffk0wYHL6p2/RHVUcUblSX9KPJ193XafUZYunXK7pf2NXPHijUnbXBz5ertVD6V6HK5OT1bMq2y9RKb0brwZr/dkpFbRZKqZOxLcWpaVL3Kmoa7pD7UCu2U/29wRm1QWDYlqBV1sC1YKluNSiuCodepS23/Y3lLoJdIu1Zo9R+O0417kxdfdrCybA23irJuXA7Jbd+gDp+WNJJbkdyf8wW5bRf5GGLuK8A5eCEpN6tV6AvpyV9Ttc7L/AHf9gLd6BXqAWEOl4DYVisBZI9+OUfKo87H0+bs7I44wSe7s9KxWb56sS865MXRyUoyy5LcXaUWddislzUfuaQtt9tTmT0psVLwZyyVqoyl7IUvmP7e1e4xppfgTkuWiOz+qUn+aFKk0y4G58U2Jyl7IyWRzxNuMovwKGl6y/LLitL9b/JDkk9F7i0Tuzj6j4v8ADunnKOXq8EZx3i5q/wBijryN7K/dESTatOnVan5vqP1t0UXKOHDmm1dNpJP+9ngdX+rPifUaQyRwLxjj/q7F6kZ8pH0B5IYcV5JxikrbbpI8rq/jfwzpsXfPq459dI4pKT/sz5/m6/q88e3N1WbJHxPI2jncjPyM3t+x6v8AWOCMEuh6V93nKkkvwmeL1f6j+J9S3fVSxxu1HF9Nflanj2Bi9Ws3qts/VZupl3Z82TK1zOTZiwEzOoGaYpdrfqZlJaFly6lmt7sHsZRlT9DZNSWh6uep05WYza1GkU4jSLImrxzcWmrNcmeU1q2bdFgx5pxhOcYdzrulsvcXW9NDDllCE4TUW13Qej9jtJZHG2WuGTtmaNZLUmjlY7ShbFrNlUOxZJdvi9CNiZSSJcimTKSRK7puoJnZ03QuTuatnLr8n8bnLmx4smV7UvLO/F0kYK2kvVmzlh6aOtOSODqOsnkdJtLwcb1reN82eGK443fqcU8s5u22/cnVvUZjVwJBtwA9yKRLfCKpy+1NlvppLW0VGaVascn2oU4yx7tX4Iu92VD76Wm4nJvmw0AAS8jbSWgh0BO4+1lJpcB3ehFRQLXkuu7S0vc0y4IYlH/Hx5G91C3QH2tzjw7JeVLfT3PPeXLJXsvQShOe8ml6s9Px/wBT5P5HZLqYr+dP/wCJlLq1X0p/ky+XCL+qV+wpzhKNRjT8mpzGb307OkzfM7k0r9Eb91PY4OkU45U6dcnXk6jDjklPJGLfDOfcy/TpxbZ9rbm2+1V7hk0j3X9ru2/3/sYz6mUZJQw5MifK2DJHqMjSUoRg1qmrZnG3TaF3CWiV6slZIuHdwTDFNsT9zP56b0QvnRpNurLi+NjWxWYS6j6koxcrdWuCYzySm7XbFeeTXiHLJ/iTU21GKtVz/vQ5fmSyyjU1FN6Xqa5q+dG9pKn/AL/JyyxrpX35eohHEnf1G5Il665v1Hfknljg/wANKU7S2/FkSWfJOpSUcdu0tG17nldX+p/hvS4nKOeOZr+XG7Z4nXfreU4NdHhcJPnJr/kY/wDVtj9jHGo6ynJtpX9Whj1fxDpelS+f1GPFrp3So+bdX8f+I9VaydVNRetQfb/keflz5Msu7LknNrmUmyeTPm+gdd+rvh/SyUcbl1F842mkeF1/6z6rJKUejhHFCtHJXL/sfl2xEvVZvVd2f4z8Rzz7snW5rqtJuK/ZHFKcpScpNtt22+RUIzazosA0AgQAzXpoxnk7ZfgDOmI9SOGC2iji6nC456itJbEGCDk3XTLXvywi1xyCWGO6kwMY13LuVo6nDDmVY32S9XoTfT/0SJ7YN/S3H3AnJgnif1J154ZMZNM6MeaeO1kXzMf7lZemjkh8zp33eY8os6sLNZxkpIZzpuL8NG0Z92+56uO5XG840UpR2Y3kk92JxklbTS8mcprg7XrIzJqnIlutzNtkvubo8/X5v46Tg5ZOEa4OlyZ5bOhYJYcck8kXP2OqXxSUfp6fFGEfVWzjerfbcjtx9Jh6aCll7V6HN1PXfy4vpXocOTJnyvunKTvyCxJq5ZYowpSlKbuUhV5B9if3N+wu7H/1EVVBRPdD/qC4+WDVJdzqKtmksfyo3LX22Ixy1pZYx90bSbUf+NimvAw1MJTacoxuMdXS2NXNdlpanOpyjfa1T3UXoy4ZLauDdeGEKWKOrnbfqZRWLu+tyr/pRrOWeca7aT8Iy+VNbwZQTlg/5cZ//wCiHP0Rfa+Yg4/9JBn3MLZfa/6R0/6AMrYGjX/SFrwFZgaaXwNdt8AfWoPJOPbFOglDsjeXIsa9WdEemtf4uWU/RaI1WPHGNKCr9z13v+E/HP25FGKinGE83/xNniyyivlKGLz3K2bp1sTlb7O7X6Xehm21ucyJj00f+ZOUn70hvJ08cna+zuXlanP1nWS6dJqFxktHfJwYXi+XKU8qfUSd09/Y1z+O2bXD8n55zfGe3up+BSyRj90kvc40p9RijOOVxfbXpZo44YJd7t6bvwY8Xol2a6I5Iy1T3MZJ9uSEd07S9H/tnJ1fxjoehUfnZoQvY8Xr/wBZ9Jgyr+HTz3Gm4ukiYsuPcll7Ydq3ZpinCEP8Rq/DPwPxD9X9XnyP+GSwwrlW/wBzxc/xLq88u7L1GST2vuJsi9fllmSPpXUfH/h3TZZY558cZx3VnhdT+tcSlKOLDOSW0rSs/EObk2222xWPP+OXlXt9X+pviPUPTL8teInmZOs6jKmsmfJJPhybOexGb1am1XcxNiGRBYCYrAoLJAgdiNI4cktVF0bR6Nr7pbboDlHGEpuops9CPT44SSUeLNFFKqSV+C4OCHSzlfd9NeTox9LGCbt962o32T9wlyyYNIPuimjLq4v5Lklqjp+H4PnZJQv1PUn0OKGGXzGtmRX5TK1KMZrlamdmsEm54+ODH0Ki7GZlRZEaJtbD7pQffibi1uiRrQK2k8XVQt1DIt35ORJpmso92seeBrC/5tBPov2hzbVNtr3FrwjZLFDVuxSzxX2RSNXq32kjNY5yewlFX9TCWWT5IScmZVd443asnvb+1FKMV6jW5NXEpTktW6D5flm8McpPwvJvHHCGsqbCuaGJv7I36nRDpor7qZazYY/zJGU+tirUI36hG/ZF/wAi/YzlHBB/U4p+DllnnPeVehDeursi46MuXA8bUMP1/wBTObtvYba8gpBAsY+xLlgnrqV3JBSUFW7r3BwX9Tf5G8ionuB9H2RfL/cOz1f7gpx4DvX7A+i7NPuYdj4kx968DU1WwXIjtl/UHbL+pD79fQff6DUyFU090HdP+lP8B3+gLJ6DTH2VSmsTco3NLZcmbz5O/tjhb0u7E+ox44/VNaI8nqv1R8O6eUoPKnKPCTf+h6p/10teqo55r6sjhuqRs5KKfc9D8R1P61k3JYsD9G5/6UeF1Px74j1H3dVNLxD6f8hbGfKPpGfrOm6fAsnUSjUL+pni/EP1R8LWPuxpZprZJNP+6PwMsk5byk/dkWZ+TPTFy+4/UdZ+sc+TGo9Lj+S/Ld/6Hi9X8W63q2/ndROSbuk6Rwi5M3q01c8sp6yk2/Vk2IRkNiHT8CIgALQNgFBaJNI4cktVECe4LOiPSN/dLbdUbQwQi41FfkYOGMZTdJWax6XJJq/pO1NJNpeg7+p+iLg54dJGNuTujeOOEXSikkgT+0OH5v8AYopfy6f+Bd1pv1D+avQvHgyZUuyN+XsBP8zu6SBP7S+3Eoy7sv1LhKyX1uDHGoY1HIuX9X9gHGEpuoK3exbwqOTszTWK1zr/AJHFl66eRa3d2tdF+DnlOU/uk2B6f8Tj6XMuybdfzeV7GXUfFJzk13Nx9NDzwJhq55ZS2+lehkVRLJUA1uJJstRpeoDT8lCCwLjLtZnlbjLfR7MpMbqa7X+CDFJyZrk6WcIqSfdF8kJ06apnT02ZR+iesJEtbkcnY0NRZv1GJ4paaxezIjmjGvotr1JovF0s56vRHR8nHii3JpI5p9Rllon2oyak3q7A3zZ47Y9fU5m5y3bLSoKrgaYhQd7lOCW7KQNf0v8AAMR2tjUG2aRk3vEqyauIWJVuJwiXtrYtNwqVGND7V4HuPgJiO1D7UMN1or9QuEoR2e4dqaWgV5LpoGI7UuAUUirBbAwko8odISvkpOuLZFJRXgVa7Ft/uQ2vOoSnm6nLml3ZMk5y8yk2zJy13JsDvusG36BYgIhtisLFYDQWIaTehA7S9RN+EWunySV9unubx6L+qf7IuDjbsqMJSdRVs9COHHFfTFX5NKVXQwcEekyN/V9P9zWHSQVdz7rOh61pvuPzT9C4JjCMU+2KQ61/GxSXG1BWnuBLurS1YpfzPxoaKLbpIO2MaWSSj/cozqmlQJOr8scuowYpNV3erMZ9fP7Y6L00A6Xhkl3S+mPlsiTw4kn3/M8pLtOCWWcuaXhEEHoZevil/gRUPKS1/c5cnU5Mju3b3bdsxoF6gNtvdtiH6gQFAFiCGKx15HotgJpsrtS3YW29BvHJQcmtE6IF3JaB3MjY0xz7O6kna/YBwxzyX2q69SZQcXUtBylKauTtIlte4B9r9C0yOBxfAGk18yF/zIyTa3LTaaa4CcO7WOqZK1ro6bLGcPk5fteifgjNglhk01p5OenFno9H1se1Y8m1VrrZldcPsOj0up+HSf8AiYFcX/L4OCWOWOXbNOLRFSq8FKvcWgWFNq/Ql6epXAnqAr/Yf9yapgnWgRdPlCa5C3Q0lepFJ6+4ey1G1yFgL1DfYejD8BS1KQlrsG/IA3fAkmxdyW4OV+gTT09xJu9Cb5E5FxNVrd2TuwtcakuWhcTU2Fgk3smaR6fJJLRL3NssrGdUelit5X6G8ccIP6YpUXBwRxzm6SZtHo5v73XtqdY1vb2Lgyx9LCO/1OuTVJL7Uo+KGnr/AJh3b/2KHz6LViXC5Dmq9x0961AWj1/YdJqvA2lBXKSSMpdTihtc2UXWhaxu7tJepx5Oum39C7V6GE8kpu5SZNHoSyYoL6p6rhIxl10IxfZD6vLOLkCDbL1eTJy0YuTe7bAAAAAAEMKIEBVILrZAKrCgbEmEMdjxuMW+5XoE5KTtRUV6AQ2NPQT0EtNgOj57UahFR9UZOT2cmJ1W79hehAnVgrWzGJhToaEti8bUZXKPclwESw3B6t6UAFRdl45dr9HuZbOykwq8qb0MU3CSfg7ugyYo5oxzJdr5aujHq0pZpVFRrwc9/wAsZ875Zjt6X4rGCSyNm+f4h0GfHU22/wD4vQ8KUXE0wZIKSU4qjbbTJPEp1jk5R8tULujLk9bpul6fPDuSikt9Dlz9HhyxySxVCUFstmZxdcl3toNMx+XJfaw75R3VjDW1aWQNZFJIV62RVJ6lJMlFX4Io7XYUN6ibQUrQrBpXoJtKxiaG9aSDWtXoQ51siXNs1jOqbQnLwQBcTTcgbEABQAAHopJa6ewN2/8AMdaaf/QfudcQfjUN/wAD7XXuDcY7tIYCr/3sH+RnPqMcVpbZlLq5PSKSA6knevnWyXkxxvvl7JHBLJKT1kydyaO19bGKqMb9WYz6nJO7k0YoKAbbe4gsAAKALAYC1HRAtgHSC0Amh0Ci5Okm2OUHBJvnYomwuwYlSINY4+5XaS9waxKD+puXGhnaFYAxcjabAB3vVC3BDCFQMucex16akMA3Q1V67ErcqvBAT7VJqDbjw2L1G1STbWoWr0V+4C2Y9lYVa1FpehA+6KarUbblvovCEIB2G2gMNyqrdepTffG+VuZp6lW4ytECVN1W4njrktRqfcn9L2G9jNah4upy4cM8MftkJZsjVCqwoGH3+UUtVwJK1qS0k9GAThF7aMjtnHVbFdz2a/JTmvNATHLW6L7r1VGcpp6UZ7PQYa6G0nuS56GN+QGJqnNsViAqAEMCgAAIALARVMABER6TyQiqlK36Gcuqivsjfucm4JaHXUaTzznzXsZNt7sVDrQikA60DYgVOgoaD/IAYAkOkNCCiktTXqOlzdNKMc0JQcoqSUk1a8k39LObZrCvUewWrN4yhLE1Ko+y1ZcRg2FOradM178eObcF3KtLJy5ZZHcnzt4AzYCuwdgbLPNKPa6rkylK3bFqwoAbsKGxAFepcccp/bFv8ER1N4Scodjn2xT/ACERPG4X3NWntZmzZvGotRTk2lq+DKm0WhLehokq/QinJuTt7ia03Qrb3FREIq21uwaEt/cKdAM2hPEunlHtXdV21zxQGIno7KUZPZNk76EAMleBhDA07I/I7+9d1/bzRmFJ72UtqJBblRWNqLcXsymmmyHqi4StU90ZsalLYE/UlyfmvYVkw1d+ou/wiBFw1Tk3ySAFQAAEAAAUAAFgAxUF0QAw5AKA5AAAACio0QaBdCo3oNOAvUKHWtJAIKCtSlCUk+2Lf4IJ0AAAqMe5vVL3HHG5d2q0/uRwKyjXLFY/pTuSbUvBPe213akJtlOKjKu5P2M1qalvWwctAbBlQtQQ7AIKAGAAaYowkpOcu2la9TMQReTs7vo7q/6iGGgrthTWjHa3sTVhSAHLwgdvcOR0AgiwaFswKLeGXy+9NNVehBeLum/l9/avUIghmjjTreiZe5AXaRvB4YOMkpSa3Tpo546aj1YHTLrJ3ooxXiNnM33bIKSAgH5C9AEtHQUwAAh3TsG7eggQDT0B2naFsyt0FKf1LvX5RHBUX2y125Cce32ezAkYhkCDkYAAhgAhgIBhwAAIBioAoAAqmCFQAPcAADQDd4sawRn8xOUnqlwYPY3iFoOMnGVrgWwN1wRVqf8AiKUknT2NcvWOUpOMVFPQ5W29gS8jUNsFuFAnwAUw7S8c1GdtWtUSAloPcuePthGX9RnsAhkjWwDAVhfoNDAWrCgC7QqbKABUPZFLHJq6dCkqejT9gJsFsJ7ggKTppmuRvI4JXKomcGlJOStco1lnjFJY12071AylCUa7k1exBc8ssjTlrRL3IEmNtcIAoBNthRSTbSSt+EDTWjVASxp2D3EtHTIGbz6ZwwRydyd7rlGBcXOa7e59q9dEBG4PVF5MfZNxUlJeUTomgEmAOLu0FX9zAbpPe/YVumktA0WwWAcBFhsDAcleoRfdHsf4GnZMlWoCqtGBb+tXytzMgYAAAAAAAAAAAD3CgBDKgEMApDGu2nd7aUIgQ1ruAii+4NWHaP2NBIqOrp+SXuCA0yxjGdQdozobeuo0321xdlQhbM0x9rfbPRPnwZyVMgBonZhfgaKvyJsSTb1GoaSfgCdwooEBND2GSQU/AABQGmLM8TbSTvdNGelAA5TlN22SMAExDeoiAdhQ1sNgL8AaY8UskJOOvbx5MwEx3YmCAuE3CalHdFZprJJOqfNckcD05AloTWg7Xgabe5AlT3YX4QNKwAG29wqgYAO7JXhjsUvKAYIAAAAABOmOtBPUafBBKbi7KmldrZiktAg1qnsyhcADTTAigAAIOQAAAAAA5AACgAAAAAABMYFHR2JY7ejatP8AOxmF7ITao2FyAuR8kBYWDXpQqCEVQ40mrV09RXbAOA4BpxdPRoAFwPgS1YcANF5HB12RcdNdbsjZAA4xctIpv2Iapld1KrF+CAT0rkf5FQlvYFcC/IxFDEAAAh0JkAtxiHowNcc8ukMd73SIlCUHUk0/UePNLE24SptVsQ5tgDWgudBbjXqQFvYKBMd6gCVbgVDHOdUt3W/JLu6fAA9V6hdhsxbMB7HROcJYKlJOd2qswiu6STdXydHZhxycZSUnxXH7AYRhKTpLUmqdM6X1LioKKUVHzqYTl3NveV7gRs6GKSBaoDTFjeVtJpUr33DJGMYpKVy502I5ABA9AYwGmTJUwumU9UARffGnutiWtQVxdrcp/Uu5fkioGIAhgAFAwARFPcAAIQwAAQxAFDAYgG7Y6ADQKA1wQjOUu6qirJydve+z7eCiHsIbEAwEPkiKnKWSTlN23uSK9dA1KDkG3YIdkUJvhCae7CzaLculnFvSMk0VGIAaZYKHa07Ukn7AZ+ohi5IGAlsMAABNgMHyTux15AQ/YKoFuQOl5FQxwUXJKT7Y3q62KEJo0y4/l5HFO1w/Jm9iA2YxPVBpWgGmKax5FJrurWroWXWbaj2J6pE0/c1yZISgo9na1zd6eAMgq4+wX4WvkavfkCU/I+58KrB0nqACryUtNhcAAWLZjDdAAgQwEAAAf5jW9AABJBCXa9dnuhkPcgqSrbZiKg7Xa/wS9HQAAAAcAIYAwCgAAAAoAAAaetg/udbC9xoB3qgToNmgs0GpOK05VCsVhq9QG2KwoEAAkHIcgOcHjk4yX1LcKo06lqXUTlF2pO/3Dp4qWWMd701KjIGMQCRXHoSPgigvJPvUUlXaqIC1QDRL3BsKsINgthQ0AtQoBgAMDfM8Xysfy1qtJPyFc7ENhxoRDBK2kt2JDVlG8+nzdtzr6dNzA0lnm9HLTwjO72QAt2hVTGtNXuMgVv29AryAAGiD2AAB/VFegkwW4NUwGNVTt0609WIcISm6ire4CDY6I9L/AIbnkl2pHO9JNLVcAJ+gWOuGhLRgNRb4HSq29RNylzsFeQCwSG0r0egAHuTLcp7kyZAi/vjfK3IHF9rTQAA5LS1sTwFAwAAAfuJgFgAwF+AsAAGAc6gA3sC0Q2hX6GgUhiGtQBJ62gZ2LDFZYwjkVad0ZaHLkS+ZKtrYEMa1EwW4D5scZOMlKLpp2iX7hYD315ZTlH5aikr5ZFiAAQVqaQxSkvpi2QZhQwKg4AACgAEEMQxEDAAbSANydh2IKB2xD2CCh1QAAahYcBoAfgDpyqDjOScexpdivVelHMAAIYAxPVeow515ASf9i8cpRn3Q3RFU7Hb9kBpLLOSqc21WxCl4Qq1D2Aeu7ENLyxqrIEkx0AFBwIaEyAehDG3aEUAAAVcGlo9mKS7ZUTwaKpxr+ZbEEAHuAAA+BAAAwAACtNw5AAQByUWTuhtvQngCgVJ2H5FZRpkyPJkc3VvwQ9xX4FuNDFyOgSIEBW3/AHE9gFReOCnPtIKTadrRlHR/gQtay/GpD6l1UUkuHWpiAQXqGgAFAAIBi4CxEDdBYVQgHqwoYAKqBjFQCGtqENAMAAIQwACoQlP7fz6FZMM8aTktyYTcE0tLCWRtaycq8gTV7Botxa0CX5ALvYEvJXa0rapEgMNWJalgKgGHgBD2AABhYBQCJ51Ka0JIAQ2IoK0AYiKBp001uIANJpSXevyiFuOEu166pjmqemz2AlhwAAA610FwNNp6MBAHuFAAIA1Cm9RDfoFbWUIB8gEIqKjy3QqACp9tvtuvUngNaHp2+pQXqJjEwENiKIEAWK7AbYewgQBYIFWwACQzXpsmPFlU8kO+K4M5yUptpUm9vBUIQwe+6IpIYkMDZwwLpYzU5PM39vCMORgAvcTHuICgSFeuorbAq0nqK/AMqMW/QCdWOK10LSUXq9Qc62SRcQdmv1OkFxjolfqS5XYtWASm5MSVlJAQFa6D2EvQYCAaDggNuAYCANmADAl6CGxcAAgGFJgAIADmwHuUIuL7kov8EcjIBpp68AX96tbrcgADYEkAAwVc7AHqAOuNg8gAFaNIGAaJf6FUhpeRcD1T1AljB7AEO70FQaBdANeoqFqxpagId+AoApUOv3AAgExg9gEhiW5TT9gE9AW2iDRGnysnynk7X2eSjOvIMAWxBPIxD0AfqAb7DlFKK11YE2IpJvYuKjHV6ssgz7W9kUoaa6FuevBLlqXJEO4x2QOdkWG5NA2FNgOyaFRQtwAB1oLkZAceoK0L3DUBiHxoIoBhuLkgdCGHAEsRTCgqQoA2AVAMQAAAUHIDEQVGXbKxzjVNbMkqMq+l7ASNhJOLrgQAFj3QnoAPyAegIodDu7DnYLCkPcV37ByAULcdgvAC3HQJaD0CFQAHuUIa0QMEQHJ0dP0rzxnLuSUVfuc47etOkUIG7QcAiBLcfOotBgDNPnz+R8m/ouzKw1YDFYc6jUXLYCR1yaRjFfcNy9DXiahRe+xVRWu4u4lsfUFOQmyR2S0G4ULUexAcAAIgYAAByAD21CENAKyhiofAcEC4DkeuwAFaWAcCvQoa0D0FYyBMHsFCYUt2AcByFDDgAQQh2LkADkYAAmMBAaJ9yp7oh7htqXKpLuX5AjkbD8i4AYkAUA7bCqHyC3K0TVBppoERvb8BCYAEQHoVCEslqCt1f9yVydfTNqO/+7RRzZcbxz7XvSIKy7r2J/lIkD4oSH4BbsAQIEPlgL8gmJ8AwBgwe7FyA0NRteAhuaLcshqe1LfUL8D5Yv5jXpCbYrB7oP5UZ1Rz5C72JK5IDcK8C4K4AQC8jYBYxS3GiATC9BD8lQaseoojRAgKZPkB2LgbABDvSg5YR2AQUNA9gF7DpfkT2BhQJhETKDigaGtxeCKAEyghAD3YmAweqDgXgKPQGAwgHGXa/RkjiBUo09NuCeC1/wANEooQbMGOGz9v9SD/2Q==');
INSERT INTO `empleados` (`id_empleado`, `usuario`, `email`, `nombre_completo`, `fecha_nac`, `dni`, `id_rol`, `fecha_ingreso`, `fecha_egreso`, `sueldo`, `clave`, `habilitado`, `foto`) VALUES
(28, NULL, 'adasads@dasd.com', 'pimpollo hernandez', '2019-06-20 04:00:00', 43874783, 5, '2019-05-20 04:00:00', NULL, '4443', NULL, 1, 'data:image/jpeg;base64,/9j/4AAQSkZJRgABAQAAAQABAAD/2wBDABALDA4MChAODQ4SERATGCgaGBYWGDEjJR0oOjM9PDkzODdASFxOQERXRTc4UG1RV19iZ2hnPk1xeXBkeFxlZ2P/2wBDARESEhgVGC8aGi9jQjhCY2NjY2NjY2NjY2NjY2NjY2NjY2NjY2NjY2NjY2NjY2NjY2NjY2NjY2NjY2NjY2NjY2P/wAARCAKqAgADASIAAhEBAxEB/8QAGwAAAwEBAQEBAAAAAAAAAAAAAAECAwQFBwb/xAA8EAACAgEDAwIFAgQEBQQDAQAAAQIRAyExQQQSUWFxBRMiMoEGkRRCUqEjscHwM0Ni0eEkNHLxBxVTgv/EABgBAQEBAQEAAAAAAAAAAAAAAAABAgME/8QAIhEBAQEBAAICAwADAQAAAAAAAAERAhIxEyEDQVEiMmFx/9oADAMBAAIRAxEAPwDwqrl2FEvPiv70S+qxJW5L9y4utK9vwOjB9bhXJL6/EtrBroSGkcj+IQ8EP4jFbRC67gWxwP4l4SJfxKV6JA16YV6HlP4hPwtSX12R6g161BZ4z6zI1Vk/xOR7thNe3a8oXdFfzKvc8N58j3kw75vkGvceTGtXJfuS82JPXJH9zxO6WzYNtVqMNe0+pxL+dfuhPq8KX3HiNtvdgDXsPrsS8sn/APYYvDPKVDaT2GGvTfxGHERf/sY39p5qr8jStjDXpR+Iw/mTNMfWYsjq69zy0lzRviwRyOlyMNeommrTsDPJ8N6zoorJjjLJCtUk2GLLHKrT+pbpkxViZQATVDBhyAg/AwrQoQeowAQ+BfgYCHoFBwAC5GG+4C4HQMAAXIwAQDWwLcBMBvbQQBuxV+xXgRAIGHI+ChcBsh7BwwODqn6HP7HR1L+owIh/2EwfgGFQ23KyMpo9XoZ5t0CI9hAAUxLYdgtwp26Fr5KoK0uzbmmmFWVpoGlEE0HaynQXfAEqIdupV+EGvgBdtiqimm9wp2BIUVsGgE8j5G0hUFDENr3CneuwQq1GAAG4WGo8cXOaj5AXAWbLpp91LVeUVLp9qfGt+QME2b4sna9yPk9uRJyTvUp44x7qkmwP2H6d+PYYwfSdZTw5FV/0n57r4LD1Us2BpxctkebjyOLtM0nnk1V6A16uLIsmPuiUzzvh2asssbf3bHo8GVABQBSChgAgGHJQg/AVqAACAOAAADgADQA2ALAAsgA9wEUMW4wAQigaAQ7ExgAp/a9Bik9AODqNZGJr1H3GPBENBwg3DgCYq29jLL97NY7swyKpvkEIAANH4HHixasI6BYvQdIH6MWxtzG3AxchQBdMN2N1wIBi/Itg9wKbtCsK5F7gMVoOQYANSJrwFBT7mHdwKn4KjjnKqhJ+yGUTYNm0ekzy2wzf4NV8M6x7YJ/sXxv8McgJuLTXB3x+DddNWsEl7mq+A9c2k8bSfOhfDr+GPPWeajV6Il5JeWevD9O9TJ1KSjemqOnF+lss4pvKl6dpfi6pj8+mwaXk/U4v0rC13zk0zL4r+nun6XosuTD3ucY2rfh6mvh6wx+bWjB1e4oaxDeRxQ8cnDIpLhnuwffBPyj8+9Ge30Mu/povlEWNqAqhOluyKVBwZz6nDDfIjCXxDEttQa6qrYZxP4jj/pf7mkOuwy3l2gdDYURDNjyfbNMsoXID5ABD5AAEAwATFrZQiADbUTAoYgCkAAHqMBD5CtQAGKX2lWRP7SDz8z+tmfBeW+5kcBD4QnpsMTYCxq0zDI/rZvj+055fcyLCCwAqnyOhcjCxaXlA1+T9Sv0xBPXLp7f+TSH6ZxJJNt/v/wBz0/D0xj8kk7uh9sj9pD9O9KnrC/y/+50Y/gfSQ/5X92X4KuPwixyk9It+xcemzN/Tjm/wfv4/C8EY18tUbR6THD7YJF+H/pj58vh3Vy2wT/Y1j8H62W3Tz18n0COBLgpYUuDXw8mPwMfgPXy/5LX5RvH9N9ZJ6pL/AH7n7j5SGseuxfi5XH4uH6Wzy3yJfj/ydEP0pX35X+EfrexIfYvDZfDiLj8zD9L9On9dv9/+5vj/AE50UV/wm/yz9AsTe0WWsGS9IMZzDHiQ+C9JHWOJG8Ph2GH240j1V02Xft/uUulyN8IvlyuPOj0sI7RVF/Ij4PQXRPmevsV/CL+r+xPOGPK+UoOX0u3qJYm9aejTSPXXSY1vb/I/4bEv5f7k+SGPIUMi0cFS5suCnbXZzuelifTyk4wpyRomtKWm2xPNbz/XnLDPSlL9jn+IdDlz9Nlj233QcVxue29n7GLl34lL0LPyVMfHoaNr1BnT8Sw/w3xXqcW3bkkl7XoczR5LMrkho9X4VK8Uk3szzGjbDlnjxyUXVmR6fUddjxJqP1SPNzdVkyv6np4MnqSF0NtiGLgIQwoQFKTi7To6sPX5IUp/VE5BAfoMc45YKUXoyjk6R9uGHGh1kaIBiAQBwFlADAPcBDB0IAsdioAB7BwDGABsIZAycn2jIy/awPPyv6yR5NZEoIaJnVNlmeUAj9ng529TpX2Nvwc3kLACD8AFVQ3sJA3aDT6t2LTQOzxep6bx4YuqSaVj/wAKH9K/J7flTHnLHL+l/sUsGTiDPQ7oLlEyz44070ujPyVcccemy/0f3KXST8UegtQoz8lHDHo5Xbn/AGLXSJbyv8GnflUftt7fkf8Aid1tutqr1Hn0M/4SHLKXS4l/L/cUo55KXbKrejrZV/3KePI9pNcX/v8A3oTyv9UfJxL+VfuXGMVslREsEpJq6vb0NYQ7IqPgloTWmhl89WvpdVq/B0GSw40qUVTJol5VWkbS3F82TX0xt+L3fj+xsoRVUth0vBdEQl3wUktHqgyxcoNJW+C0qVJaBTJoxwQnCDU3bLasumJxfkaOTF0ixZe/vtK+1VsaqHanru7NHETia1q232ltUZtJRauzT+W6OGPWueSN46xzl2xlf+hqI+f/AKuw/J+P5HVLJGMl+1f5pnjSP1n6+wdvUdLnS+6Lg37O1/mz8lJ6nLv2432oqGvcvKIReN/WvUwhVoKhvTQcGu5XsiCVCT2iylgyP+RnT89fypsmXUSjq46P1A5ZRlF1JUyTbqJ981La0mZAAthiA9fCv8CHsdMPsTObC/8A08fY6MesUZntpXAhi4NBAMAEwAXAAPYBcAMQMABDF6j5APUAAgLZGX7S0Z5vsCPPnuyUOX3MRA1voRM0VGOV0kBb0g78HLR0Sb+SzAqwAkD38lRStBYdV7EyK9GTLWiNV9sy43OUZbNXT8XyZR6V19Urdb+K/wDo6qbDsfk7eQxXTq27e9lPDGS+rXk1UPUfYh5JqVSVDbK7V4GkZ01CXoFPwaUA1NZ0/AOLNBVY1dZ16i08izwnKKUHT8mccU3GSf093jg0rV0T3xvfUj+Hk5K5ul/cqPTxi9NB9AeWKzLFT7mr2NaClo+UBAUKihUEIRVMVBUskvtFRdVlWlM5P4HGsildxWqj4fk73FEuKNyj8n+u8PzPhUMiWuPInfo9P+x8/ex9Q/UnT5Oo+DdZjcV2qHemt/p1/wBD5hwZ7/rn17CKTqafqREZzZaTVSfuSXk3T8omNJpvbkDTHNJKwnU4pa6ehp83BHbT8FLqccdkyDmzJx7E1r2ozNc+X5uTuqtKMgEAcAB6/T/+3h7G+H7Tn6b/ANtH2N8L3MT200ExsGaQhMYigFuMAoBgHuACGIIADkEFAxLyhkAtTPO/pNDHqPtCOCX3MXIPcAGvUzyLu7UaUS/uRBGRtQpmBtnMkVYCkSiiNQPXfcUtGV7kPUpX275s6+1OVapeTdaoXar2GrN2oYCVjogYWFBSCC0FjoCBC1KAommFFADU9oqKAKml4AYACAAoBNCaKoGiiGJlNCKqGJooTK05eqxrLhyY5bSTTPj04PHknCSqUW0z7PNWmfJvjuD+G+OdXj2/xHJL31/1L16Z7eaNhyDObm1krxwfpRHJUdcPsyQhMQxAHIABFIAYAer0j/8ASxN8Lts5+id9MjfDpNmf202EMDSEIYAIAAilwMAKDkTHvuIIACgAaAACgx6n7TZbHP1LpERwvVhQP0GtgHsZyf1l3uZ/8zUCM26MzTM/qRmFio6PUfIR3FyRsc8jxq5pBrumPDrkLGa+5gEpKKtkrJFq000aRQErJF7Mal9TVcWBQCf22YKeRtVu9k/7gdIGNZpXsrTrUpY5LIn3Sa5Tf+/P9kMFSnGLSbrkfcmrWqIlj72u6vtaf5KjBR2/YCPnRtJXbV7C+btpvGy1jitaK7V4QGXe3JeHG9Ai33RvdrU1pJVQq1saAKGACAAAAGIBMlopiZViGJlMTK0zkj5t+uOn+V8b+ZWmWClfrt/ofS5I/D//AJC6f6el6hLZuL/zX+TNfo69PxL3HwD3TA5uTTHrjmvyZmmHSTXlGb3ABDEEAAAUgDkCD0ug/wDb16nTj/4hy/DneGS9Tpx/ejH7a/ToFYcBubQtBMb0FugAAAikMQ6CDgQUBQAAAMBDADm6p6HTRydUQcljTEMBPQz/AJmzV7GUU3bAjK7kRRWT7iUFiluADI2Vs06datmb9DTDpFsrPXp9uWJ3bk3rathHCoL6a2o1BGtTWccUY/tRaihgTU0VpQqXgYwEMAAVAMAEAAAhgACAYgAAAKAAAExMbEVUiZTJZVS0fmf1x0/zvgcppW8U1L/T/U/Ts8z470/8R8I6rFy8cq960N8rfT5G9hoHt7AjDkcHU4+4SVSYno0y8v3v11AzENiIAA4ABMABgd/w53jmvU64/cjj+G7TR2L70c77ajoJZRJoDEwYBC5AAZQAMRFMQxFQAAMBhYkMAOPq2dbOLqtyDmrUYh+oDf2mcW62LktDON9oGUtZCQPca3DUPcd6AhIjQb0HGVRJYJFZ6feARMG5RUnpa28Cfem6p+CstBWjOp1fNCjjbVttWFxrZMsijuhxjSS8DcU90EKEu5WlRS1QkktEMAAAIAAABAMChAMQCAYAIBiACSiWVSEMRWksxzR74Si+VRuzOZqLHxnq8P8AD9Xmw/8A85uP7OjJHrfqfB8j4/1MVtKXcvyjyeSde3KhvUvJqovyiJcMqWuKPoyCGIYiIBDEFAAAHZ8Nf1TXodv8xw/DnWWS8o7nuc77ajo4AFshGgMXI+RBBYCGAhiAqgAGQIG+OQCld8lAMAoBHD1W53s8/qXb2IjAYhkBLYhJ9nsXLYhv6X7FGA0Lca0DUPgNkPgT9CNEzZQ00Md5I6qpFY6fbhgBUAAAAAARAADABDABAAAAADCgQxFAAAAAAgAllMRVSIYFUmZyWhoTIsaj5z+vcHy/imHNxkx1+z/8n5bk/ef/AJBwd3R9PmW8ZuP7r/wfg+S9OfXs5LT2LjrhkvGpPBWLXuT5RllmxDEAhgBFIQwA6Ogf/qPwei9zzOiddTE9R7mL7ajZfagYQ+1AUDEDBtFAIAAYCGAtwDkGQAmMCgQxbDCE9jz+of1UehL7Tzuof1EGWwxD2AUthSbWMctrIyP6QMClohDWwaiuBOgfAPYjQWs0dE3o/Y58duaN8ukGyudfcQAAAAWoBAMQwEMAAAAAAQxAAAAAIYiqAAAAAABCGyfJVDEMAqWSy2SzSx+e/WOD53wHPrThUk/ZnzCuT7F8Uw/xHw/qMT/nxtf2Pj7XbJrwy30z0TKwuskfXQkSdST8MywJKm0IvKl8yVbEAAhiIoYAAGnTOuoh7nqvc8jC+3NB+p68jHTUbY39CGTjf0FlCEwEVAAAAAAAAAAUAAbsAGIYQn9rPNz/AHs9Gb+lnm5X9TIIHwKwAUno7M8n2+5c3wRl+0gz5KWxBaDUN7kO7KZL1egWrwq5mubTHRHTrVsrO/pr1Kx+33Duk2k1uCi9NaS4LApoSAYEQAAAAAAAAAAAAAIBiAAAAoEF6g2lyUAmrVMn5sbktu10JZU59qWj5C4WHFLH3d0+63a02K/mKFLgoTBjEFITGJlVjlXdFp8nx/4pi+R8S6nHxHI6/c+v51ofMf1dg+T8cytbZEp/7/Y3n+KdPETJe4wZhzXl17X5SMy5a4oPxaIAAARFAAJgODqcX6nsS1j+Dxk9Uew3/hL2MdLGuD/hmh5+LNOLpPQ74y7opligWwwKhAAAAAAAAcAFAACIDYAAqFP7GeZl+9npZPsZ5uT72QT7gIYGctZULLwi1XzL8ozyb6gQUSiyNwmRyW2QUrowKotk9Q02jTAvoMc7+sMft94AACAAAAAAbpAAErJGUVJNU9SXnhaV7jDGgGWLL35JxdaU1XKf/wBMxc80LtW26WvCf/YuLjrE2ktXRzNZpZE1JqNUU8DmmsjtN/7Qwxs5Km7WhEsvala3V6BDDGPcltLdFfLj7pbLwD6ZPqNUu16tpful/qJZcspOPak0v9/5G6ilwMauxz/LyNtqTSbvX2r/ALMP4dyac5bbLw9P+x0ANNZSwpzcrptUP5MO7u7Vfk0ENNLYT1RQgEIFsDKpMTGJlVllVxPwP68wKPUdPm5lFxZ9Alsfkv13g7vhePLu8eTf3Ok9Ydenz8TB7hwc3Na1wteGZl49pryiAgEAEUAwEAHrw+rBH2PHPY6f/wBtBNcGOlji7qkdOLP1GSNY8SSXLZrgwY2+6UU2trOksVyf+sTuoP8AJE+ry4pf42HTynZ2kzgpxcZK0yoUJxyRUou0ykcPS/4PUSxcWdwAIYAAhgAgHyIBgBGSXbEgMr+g82esmdzl3Y2cMn9QCBgFATetvwZZN9TVK20ZT1kFJFepCLI1EyZI5bhuVmuvFpiRy5Xc2dSVRRyy1k/crMfeXJLdpGfz49zjT0df2sn+Hcnc5W63S5/2i3ii5W9Xp/bYfS/SX1CulFuXj8E5c84rG8cG+9XqtudTeMIx2SQwOZSzTapOMWtfJr2Sfa21a3XDNAGmsY9NGOi0jpp7FRwwi7S1NLS3ZLyQV3Jab67DaCOOEftilokUYvqId1XzzzrX+YvnuUbikm13K3p6DBuIxcnPtaT7Zxu1wyHizybfzO3wls/cYY374ttXVEyzQUHJST0sPkp6vd1f4FHp4R228cD6FQyKbpblkqEU77Va5KAAACIBDEVQIBBS5YMHuBVITGJlVnkkoK2jxv1Pg/iPgfUrdqPcvdHtSSa1Ry9ZiWXpcmOtJRao3yv6fHJ7k8G2eHy8s4PeMmjIxXE8T+tLzoTsEXU0/DDIqnJepFKxAIBgXjwZMkqUWvVo7sHRwx6yfczNqyMuk6RyqeTbhHoNaaCQMxbrWI+VLJ9uSUGvBEs+fp6WWHfH+qI55XiafDep1KpwT3TNxKjHlhljcJJls5snR1LvwTeOXhbMxn1mXHePLBJ8SRUH3dV3LmZ3HJ0cVObmtVHRf9zsAQAMBBwAAAhiANjk6nJrSOjJKonEl8zKQbrTCcbvuO7Ku3GcL3ABvYQNgKPLMJ/czaL0Zi9woW4+GSh7oNRLHFfUkHIQ+5Bmutv6Tjbts3nktGAZj74LuXlEQU19ztVTvyTHA04tzk6ilr6clU8meMYuUZKXa9a1oHkU8cuy7S43vwJdNBO9dd/U0jjUZNq9asfR9MH1GTtUlBNOttas1ksjk+1qq0vyX2rwhgYxwyUO2U3K6tvcUenWjm/q5pb6V/v2NwGmo+TB7xT1taba3/mN44uPbVL0KAiEkkklshgK0+QGAAAgAAAAAKQMAKEAAFSwGxFUhDYmVUsxy6GzMcuxvlp8o+PYf4f4x1WOtO9taeTzGfo/1pgWP4v8xKlkgn+T84yd+3Gpe5344QyY4ycFbXg4JHb0zbwacHOkX/DYv6S1hxr+SP7HFl6jIpUnoZrqcq/mMfbT11sM4cPVyktUtDpjlUqoitRkpjIqMkFOEl41Rr0l/IVmGfI8cbTIXW/LglGNrybjNdubIsWKU3wjxYyy9Vmptu/PCK6rrJ512OlH0M8D7b7XqVHofwksX1dNld8xb0ZWHrbl2Z4fLl5eiOSGXJCVptG7zY867c0Ff9SWw0d6aa02A4O7J0usJfNxfu0dmLLDLHujK/8AQosQwAQm6GRkdRbA5uonwjPB9xGWTlJijLtWhB0dRkuNHIXKV7kgHA2JAwJWkWYWb7QZhyFhi8j9xBSBbgOKCUSbFuVLYkI++AABAAE5O5RuO4FAZp5Hukh/Ld25MCu6PlEvKk41qpOrXsJYIKt3Xll9q8AZ/MnronTaaXGun9gfzJOUaqqcXejNaADNwk5N92ngI4lFp90nXqaAAhgACAAKoEFoV+gDAWoV5YAxdyFVDpFVLfoxgAUiWUyWVYlmc9jRkS2Nxp+H/XmB9vTZlw3Fn4uW59G/WWBZPg8pVrjkmj5zLcd+3Lr2lnd8MafdFnCb9FNwze5yqR3Z+hxTbabTfg5ZdAl/N/Y7u9sV2c9bccem7OTVQo2dEgWtCjNTB5EkQYddKopHHCdKnqmaZ8nzJ+iMWtbRuM0ZMfa99OCYtxehrD604vdbE9pRayWtVTDvEkgdLkC45pRej08PYcc0sc+/Eqb3jwzEIpxdpsD2Om6mOePiXKNjxHll8xTjUZLxpZ6nSdR8+H1aTW6A3MM+kToMssbRRwxxuTto0WH0OmGOjRY0B52XH2mVUdvVRpHJXJAhPYomX2sCH/w6sxZtJ/T6GIWCwDUABLQqDS3J4ECqyST2JAECPvgAAZAAAAAAAAAWAAAUACsdBQCv0DUYAS16hQwKpUAAACGIAYhiZVITGJlUmSymSyxqJJZRLNRp5Xx3D8/4X1OOruDPlE9z7J1EFOEovaSpnyHrcbxdVlxv+WTX9y9+nPtz8jg+2aYuRPc5MOyOWS5LWd+hyW9w7mYxddnzb5F8w5o/MlsjfH08205fsTF1ablwHNM0UUnq6G4rutalxHBlh2TaexKaOzqcTnFNLVCwdG5a5NF4GjmxX81Ca+p+56sMGLDrFW/U583SqScsa18eRq44kgodOLprULKhVqIpiAQ4ylHWLaYqGB1YuvyRpTSkjuxZYZo3F/g8dDi2tm0B7qVDo8vD1uTHpKpI9HDnhmS7Za+Cjn6w4zt6s5KIIJnsaGc9EBnPYz4LyszCwAAIKctESVIkJQHIAtwPvhLnGO8qt0PtV2HanwGQpXsMAAAoAAAAAAAAAAAAAAQAAAFIABlCAGxN0FMQm3wS02UNsWgdvqFFaJkspksqkSyiWaaY5dj5f+p8Kw/GuoiuX3fufUcmx8+/W+Ds+I48tf8AEh/kav8Aqx2/LMGDB7HFzdOL5Py13OnyaxyYY7SQ+ixwy4H3q6Z0w6bHB6Ixq4xjkhLSLT9kaNPlhluO2xEJWTVxaj+Sk+20F1shO29ENFXWu6BSp+glDy6K+lIir3RLVbEub2Wgdz01/wDIGebFHKtqkcMouDqWjPUi4zut0Z5cUcialuuRqPNsCsuN4pVIg0GMQFQWNAPYKRSk1qm0yQINv4icklJ3RSkpbM59KGpNMDdkTdiU29HsKTWgRnl3M9y8juRBVgGtRDiFEtWSN7iCUAgBb0B98ATYvqDKgsVWCSQBfgE9RgAtQoYAFUAN0K/ADAVutg1AYrFQUFDdCsdAULUKGIKVIKoYmUDENslsKBMGJsqwmIGJmmibJY2Syqiex+P/AF1hUuk6fKt4zaf5P2DPA/V2H5nwTNpfY1I1+mevT5o9xFS3JODk7/hj0mjud8bnmfD5duVryj0t1uc61D0kqZhLFUtNGbPTVboJa00RWSdOmU74BpMhS10KC15spNXoOStWkSA9A0frYbrQe5ROzvaufBqpXo9zMK0/0IKyYo5I00efnwyxS2+l7M9CM+HqvJeSClFrdMs+keQB0ZOkmm3FWjCmnT3KDgYkMAAENbgKkHuhi0aCh0IYqYQpLu33RDTW5YtyiCk6HSvQGFiHqxPcAYZoQAPgK+9gBLbvQMqAn6gr+4DbSCwpBtsFLUdMYBBQqGAAIYgAAAKBAIoAAAoEAigYmAitEJjYiqTJY2JlUmRKSTSbpstmU8cJNOStrkqlkl2q2cHxXEs/w/qMb/mxv/I72Y5UnFoo+PZFUmmQdfxLD8jrs+Kq7Ztf3OU5Wfbg16SXb1ET1L7ZU9jx8b7ckX4Z7NKSOfTUUgp3psRCTjLsl+DYyrKSaZnKN6rc6qJcVexRhBvkpwvVbmtImTS3dAZ+wbkZM0U/o1ZhLJkk7s3ObWfJtKag/q0JWeHrXsPG8LSU25SfnYt48Ut416o3OGfJMckJuk9f8zpxp1/0nFm6WUU5Y/qijHH1OXE6T0XDF/H/AA8nrJGebpYZdWqlwxYephljadNbpk5OtxQbSbbXocrLG3BmwTwy+pezIN83WSzRce1JHOUMOQ1BAAADCk/YelAtg7dQJbCtNC9FxYm/GiCYSi3vsFRWgV5ACO1cEyVPU0DimUZAW4+CardAferABFQwAAABWDkkgGBLk+At0BYgAgAAAAQCZQyRkhTAmU4x3fqZyzbqMW2XFxqJ6EJzkvC4J+Xa+qTZcXGncrqxMiOOMW2t2UVQJhZLZVDEwslsqgljslgJmWRWjRkS2KPmv6rwfJ+NZtNJ1L90eIfrP1zhUerw5Uvug0/dM/KGOvbhfaT2sD7sMH6HjM9boJd3TL0dHLpY2nC1putioJ19W5Vaa6GOTqMePRO36bGca1s2Z5M0YL6mcWXrMs9I/SvQ5n3SdydnXn8Vvti9x3vqVN1B9vqzOWDLN33xn+TmukEcrhJNaPyjp8eM+WtZKWN1KI1JP3NMXVqS7cy7483uXk6eM4d+GnHfTg1ErFtUKOSUPt1XhkfVF09iq1s1jGu3Hl74/wCGq82T1HRrNHugqn/mc+NuMrjozrl18MeP6If4j3smX9LrypY2m4yVNEONM6Ms5ZZuc92ZyVod8bFnWITKQlS3Hd7HldoYhpaaux48UpPRV7gJO3WxSj+Tohgilb/dmeTLGH0wW3JcNR20DjRPe27bE5qt7IpurFaIlKkR3MYmt3GXb3dr7fNENp8iefK4KLnJx8EX5Lia05AlMad0iAHugYLwFfdboViA0BtgrCwsA7R0vAWJyoooCFJaBbshjQVka8sK8gxTlQWTaSBOymKbJc0t2c3xCeXH0rlidNb+x5kfm5a7s8mr+rXT8HTj8flN1m9Z9PZjmxzm4xnFyXCepZ4/Q41j6vHkVxU4tNN8nrk758b9Nc3SkovWSuiXkSWiKeqIuKJGjtteCO2VNN/3G53smJuV6aFaNLtVWDkkTT5YUih2Jg2S5ryMUMTZLnromQ5PlpFwaWQ5LyZyvtdO2YtTpNzUbd1dUanI3lkSi29EuXoZzyUrlJJeTGcsbdTbnFr3Q5xWaEsco1HSmayI/OfrPGsnQ4ssal2Tq/df+D8QfQP1HiwY/g2bG8kVN1KKlLVtPg+fs5fkzfpy6L3OrpOp+Tikqt3aOQ1wK7szxNuVm3G8+oy5LuTrwRdKh1QmdvCRz8iBCbBbmoh1Yu03ww75UdObpPlQUn26rhnWcbHO9yXHmtOLs1wdRPp8lwf0vdeQybUZHLrn7dZXrZMWPqMSzYduUtzkUabT34J6PqHgyrX6H9yPQ6vBD5fzoawavQzPq5S/bj24JyKPbq9SJ5r20MpSbdtnRkNi3E2Lu1pbktkWRXI4RlN1Ffk0wYHL6p2/RHVUcUblSX9KPJ193XafUZYunXK7pf2NXPHijUnbXBz5ertVD6V6HK5OT1bMq2y9RKb0brwZr/dkpFbRZKqZOxLcWpaVL3Kmoa7pD7UCu2U/29wRm1QWDYlqBV1sC1YKluNSiuCodepS23/Y3lLoJdIu1Zo9R+O0417kxdfdrCybA23irJuXA7Jbd+gDp+WNJJbkdyf8wW5bRf5GGLuK8A5eCEpN6tV6AvpyV9Ttc7L/AHf9gLd6BXqAWEOl4DYVisBZI9+OUfKo87H0+bs7I44wSe7s9KxWb56sS865MXRyUoyy5LcXaUWddislzUfuaQtt9tTmT0psVLwZyyVqoyl7IUvmP7e1e4xppfgTkuWiOz+qUn+aFKk0y4G58U2Jyl7IyWRzxNuMovwKGl6y/LLitL9b/JDkk9F7i0Tuzj6j4v8ADunnKOXq8EZx3i5q/wBijryN7K/dESTatOnVan5vqP1t0UXKOHDmm1dNpJP+9ngdX+rPifUaQyRwLxjj/q7F6kZ8pH0B5IYcV5JxikrbbpI8rq/jfwzpsXfPq459dI4pKT/sz5/m6/q88e3N1WbJHxPI2jncjPyM3t+x6v8AWOCMEuh6V93nKkkvwmeL1f6j+J9S3fVSxxu1HF9Nflanj2Bi9Ws3qts/VZupl3Z82TK1zOTZiwEzOoGaYpdrfqZlJaFly6lmt7sHsZRlT9DZNSWh6uep05WYza1GkU4jSLImrxzcWmrNcmeU1q2bdFgx5pxhOcYdzrulsvcXW9NDDllCE4TUW13Qej9jtJZHG2WuGTtmaNZLUmjlY7ShbFrNlUOxZJdvi9CNiZSSJcimTKSRK7puoJnZ03QuTuatnLr8n8bnLmx4smV7UvLO/F0kYK2kvVmzlh6aOtOSODqOsnkdJtLwcb1reN82eGK443fqcU8s5u22/cnVvUZjVwJBtwA9yKRLfCKpy+1NlvppLW0VGaVascn2oU4yx7tX4Iu92VD76Wm4nJvmw0AAS8jbSWgh0BO4+1lJpcB3ehFRQLXkuu7S0vc0y4IYlH/Hx5G91C3QH2tzjw7JeVLfT3PPeXLJXsvQShOe8ml6s9Px/wBT5P5HZLqYr+dP/wCJlLq1X0p/ky+XCL+qV+wpzhKNRjT8mpzGb307OkzfM7k0r9Eb91PY4OkU45U6dcnXk6jDjklPJGLfDOfcy/TpxbZ9rbm2+1V7hk0j3X9ru2/3/sYz6mUZJQw5MifK2DJHqMjSUoRg1qmrZnG3TaF3CWiV6slZIuHdwTDFNsT9zP56b0QvnRpNurLi+NjWxWYS6j6koxcrdWuCYzySm7XbFeeTXiHLJ/iTU21GKtVz/vQ5fmSyyjU1FN6Xqa5q+dG9pKn/AL/JyyxrpX35eohHEnf1G5Il665v1Hfknljg/wANKU7S2/FkSWfJOpSUcdu0tG17nldX+p/hvS4nKOeOZr+XG7Z4nXfreU4NdHhcJPnJr/kY/wDVtj9jHGo6ynJtpX9Whj1fxDpelS+f1GPFrp3So+bdX8f+I9VaydVNRetQfb/keflz5Msu7LknNrmUmyeTPm+gdd+rvh/SyUcbl1F842mkeF1/6z6rJKUejhHFCtHJXL/sfl2xEvVZvVd2f4z8Rzz7snW5rqtJuK/ZHFKcpScpNtt22+RUIzazosA0AgQAzXpoxnk7ZfgDOmI9SOGC2iji6nC456itJbEGCDk3XTLXvywi1xyCWGO6kwMY13LuVo6nDDmVY32S9XoTfT/0SJ7YN/S3H3AnJgnif1J154ZMZNM6MeaeO1kXzMf7lZemjkh8zp33eY8os6sLNZxkpIZzpuL8NG0Z92+56uO5XG840UpR2Y3kk92JxklbTS8mcprg7XrIzJqnIlutzNtkvubo8/X5v46Tg5ZOEa4OlyZ5bOhYJYcck8kXP2OqXxSUfp6fFGEfVWzjerfbcjtx9Jh6aCll7V6HN1PXfy4vpXocOTJnyvunKTvyCxJq5ZYowpSlKbuUhV5B9if3N+wu7H/1EVVBRPdD/qC4+WDVJdzqKtmksfyo3LX22Ixy1pZYx90bSbUf+NimvAw1MJTacoxuMdXS2NXNdlpanOpyjfa1T3UXoy4ZLauDdeGEKWKOrnbfqZRWLu+tyr/pRrOWeca7aT8Iy+VNbwZQTlg/5cZ//wCiHP0Rfa+Yg4/9JBn3MLZfa/6R0/6AMrYGjX/SFrwFZgaaXwNdt8AfWoPJOPbFOglDsjeXIsa9WdEemtf4uWU/RaI1WPHGNKCr9z13v+E/HP25FGKinGE83/xNniyyivlKGLz3K2bp1sTlb7O7X6Xehm21ucyJj00f+ZOUn70hvJ08cna+zuXlanP1nWS6dJqFxktHfJwYXi+XKU8qfUSd09/Y1z+O2bXD8n55zfGe3up+BSyRj90kvc40p9RijOOVxfbXpZo44YJd7t6bvwY8Xol2a6I5Iy1T3MZJ9uSEd07S9H/tnJ1fxjoehUfnZoQvY8Xr/wBZ9Jgyr+HTz3Gm4ukiYsuPcll7Ydq3ZpinCEP8Rq/DPwPxD9X9XnyP+GSwwrlW/wBzxc/xLq88u7L1GST2vuJsi9fllmSPpXUfH/h3TZZY558cZx3VnhdT+tcSlKOLDOSW0rSs/EObk2222xWPP+OXlXt9X+pviPUPTL8teInmZOs6jKmsmfJJPhybOexGb1am1XcxNiGRBYCYrAoLJAgdiNI4cktVF0bR6Nr7pbboDlHGEpuops9CPT44SSUeLNFFKqSV+C4OCHSzlfd9NeTox9LGCbt962o32T9wlyyYNIPuimjLq4v5Lklqjp+H4PnZJQv1PUn0OKGGXzGtmRX5TK1KMZrlamdmsEm54+ODH0Ki7GZlRZEaJtbD7pQffibi1uiRrQK2k8XVQt1DIt35ORJpmso92seeBrC/5tBPov2hzbVNtr3FrwjZLFDVuxSzxX2RSNXq32kjNY5yewlFX9TCWWT5IScmZVd443asnvb+1FKMV6jW5NXEpTktW6D5flm8McpPwvJvHHCGsqbCuaGJv7I36nRDpor7qZazYY/zJGU+tirUI36hG/ZF/wAi/YzlHBB/U4p+DllnnPeVehDeursi46MuXA8bUMP1/wBTObtvYba8gpBAsY+xLlgnrqV3JBSUFW7r3BwX9Tf5G8ionuB9H2RfL/cOz1f7gpx4DvX7A+i7NPuYdj4kx968DU1WwXIjtl/UHbL+pD79fQff6DUyFU090HdP+lP8B3+gLJ6DTH2VSmsTco3NLZcmbz5O/tjhb0u7E+ox44/VNaI8nqv1R8O6eUoPKnKPCTf+h6p/10teqo55r6sjhuqRs5KKfc9D8R1P61k3JYsD9G5/6UeF1Px74j1H3dVNLxD6f8hbGfKPpGfrOm6fAsnUSjUL+pni/EP1R8LWPuxpZprZJNP+6PwMsk5byk/dkWZ+TPTFy+4/UdZ+sc+TGo9Lj+S/Ld/6Hi9X8W63q2/ndROSbuk6Rwi5M3q01c8sp6yk2/Vk2IRkNiHT8CIgALQNgFBaJNI4cktVECe4LOiPSN/dLbdUbQwQi41FfkYOGMZTdJWax6XJJq/pO1NJNpeg7+p+iLg54dJGNuTujeOOEXSikkgT+0OH5v8AYopfy6f+Bd1pv1D+avQvHgyZUuyN+XsBP8zu6SBP7S+3Eoy7sv1LhKyX1uDHGoY1HIuX9X9gHGEpuoK3exbwqOTszTWK1zr/AJHFl66eRa3d2tdF+DnlOU/uk2B6f8Tj6XMuybdfzeV7GXUfFJzk13Nx9NDzwJhq55ZS2+lehkVRLJUA1uJJstRpeoDT8lCCwLjLtZnlbjLfR7MpMbqa7X+CDFJyZrk6WcIqSfdF8kJ06apnT02ZR+iesJEtbkcnY0NRZv1GJ4paaxezIjmjGvotr1JovF0s56vRHR8nHii3JpI5p9Rllon2oyak3q7A3zZ47Y9fU5m5y3bLSoKrgaYhQd7lOCW7KQNf0v8AAMR2tjUG2aRk3vEqyauIWJVuJwiXtrYtNwqVGND7V4HuPgJiO1D7UMN1or9QuEoR2e4dqaWgV5LpoGI7UuAUUirBbAwko8odISvkpOuLZFJRXgVa7Ft/uQ2vOoSnm6nLml3ZMk5y8yk2zJy13JsDvusG36BYgIhtisLFYDQWIaTehA7S9RN+EWunySV9unubx6L+qf7IuDjbsqMJSdRVs9COHHFfTFX5NKVXQwcEekyN/V9P9zWHSQVdz7rOh61pvuPzT9C4JjCMU+2KQ61/GxSXG1BWnuBLurS1YpfzPxoaKLbpIO2MaWSSj/cozqmlQJOr8scuowYpNV3erMZ9fP7Y6L00A6Xhkl3S+mPlsiTw4kn3/M8pLtOCWWcuaXhEEHoZevil/gRUPKS1/c5cnU5Mju3b3bdsxoF6gNtvdtiH6gQFAFiCGKx15HotgJpsrtS3YW29BvHJQcmtE6IF3JaB3MjY0xz7O6kna/YBwxzyX2q69SZQcXUtBylKauTtIlte4B9r9C0yOBxfAGk18yF/zIyTa3LTaaa4CcO7WOqZK1ro6bLGcPk5fteifgjNglhk01p5OenFno9H1se1Y8m1VrrZldcPsOj0up+HSf8AiYFcX/L4OCWOWOXbNOLRFSq8FKvcWgWFNq/Ql6epXAnqAr/Yf9yapgnWgRdPlCa5C3Q0lepFJ6+4ey1G1yFgL1DfYejD8BS1KQlrsG/IA3fAkmxdyW4OV+gTT09xJu9Cb5E5FxNVrd2TuwtcakuWhcTU2Fgk3smaR6fJJLRL3NssrGdUelit5X6G8ccIP6YpUXBwRxzm6SZtHo5v73XtqdY1vb2Lgyx9LCO/1OuTVJL7Uo+KGnr/AJh3b/2KHz6LViXC5Dmq9x0961AWj1/YdJqvA2lBXKSSMpdTihtc2UXWhaxu7tJepx5Oum39C7V6GE8kpu5SZNHoSyYoL6p6rhIxl10IxfZD6vLOLkCDbL1eTJy0YuTe7bAAAAAAEMKIEBVILrZAKrCgbEmEMdjxuMW+5XoE5KTtRUV6AQ2NPQT0EtNgOj57UahFR9UZOT2cmJ1W79hehAnVgrWzGJhToaEti8bUZXKPclwESw3B6t6UAFRdl45dr9HuZbOykwq8qb0MU3CSfg7ugyYo5oxzJdr5aujHq0pZpVFRrwc9/wAsZ875Zjt6X4rGCSyNm+f4h0GfHU22/wD4vQ8KUXE0wZIKSU4qjbbTJPEp1jk5R8tULujLk9bpul6fPDuSikt9Dlz9HhyxySxVCUFstmZxdcl3toNMx+XJfaw75R3VjDW1aWQNZFJIV62RVJ6lJMlFX4Io7XYUN6ibQUrQrBpXoJtKxiaG9aSDWtXoQ51siXNs1jOqbQnLwQBcTTcgbEABQAAHopJa6ewN2/8AMdaaf/QfudcQfjUN/wAD7XXuDcY7tIYCr/3sH+RnPqMcVpbZlLq5PSKSA6knevnWyXkxxvvl7JHBLJKT1kydyaO19bGKqMb9WYz6nJO7k0YoKAbbe4gsAAKALAYC1HRAtgHSC0Amh0Ci5Okm2OUHBJvnYomwuwYlSINY4+5XaS9waxKD+puXGhnaFYAxcjabAB3vVC3BDCFQMucex16akMA3Q1V67ErcqvBAT7VJqDbjw2L1G1STbWoWr0V+4C2Y9lYVa1FpehA+6KarUbblvovCEIB2G2gMNyqrdepTffG+VuZp6lW4ytECVN1W4njrktRqfcn9L2G9jNah4upy4cM8MftkJZsjVCqwoGH3+UUtVwJK1qS0k9GAThF7aMjtnHVbFdz2a/JTmvNATHLW6L7r1VGcpp6UZ7PQYa6G0nuS56GN+QGJqnNsViAqAEMCgAAIALARVMABER6TyQiqlK36Gcuqivsjfucm4JaHXUaTzznzXsZNt7sVDrQikA60DYgVOgoaD/IAYAkOkNCCiktTXqOlzdNKMc0JQcoqSUk1a8k39LObZrCvUewWrN4yhLE1Ko+y1ZcRg2FOradM178eObcF3KtLJy5ZZHcnzt4AzYCuwdgbLPNKPa6rkylK3bFqwoAbsKGxAFepcccp/bFv8ER1N4Scodjn2xT/ACERPG4X3NWntZmzZvGotRTk2lq+DKm0WhLehokq/QinJuTt7ia03Qrb3FREIq21uwaEt/cKdAM2hPEunlHtXdV21zxQGIno7KUZPZNk76EAMleBhDA07I/I7+9d1/bzRmFJ72UtqJBblRWNqLcXsymmmyHqi4StU90ZsalLYE/UlyfmvYVkw1d+ou/wiBFw1Tk3ySAFQAAEAAAUAAFgAxUF0QAw5AKA5AAAACio0QaBdCo3oNOAvUKHWtJAIKCtSlCUk+2Lf4IJ0AAAqMe5vVL3HHG5d2q0/uRwKyjXLFY/pTuSbUvBPe213akJtlOKjKu5P2M1qalvWwctAbBlQtQQ7AIKAGAAaYowkpOcu2la9TMQReTs7vo7q/6iGGgrthTWjHa3sTVhSAHLwgdvcOR0AgiwaFswKLeGXy+9NNVehBeLum/l9/avUIghmjjTreiZe5AXaRvB4YOMkpSa3Tpo546aj1YHTLrJ3ooxXiNnM33bIKSAgH5C9AEtHQUwAAh3TsG7eggQDT0B2naFsyt0FKf1LvX5RHBUX2y125Cce32ezAkYhkCDkYAAhgAhgIBhwAAIBioAoAAqmCFQAPcAADQDd4sawRn8xOUnqlwYPY3iFoOMnGVrgWwN1wRVqf8AiKUknT2NcvWOUpOMVFPQ5W29gS8jUNsFuFAnwAUw7S8c1GdtWtUSAloPcuePthGX9RnsAhkjWwDAVhfoNDAWrCgC7QqbKABUPZFLHJq6dCkqejT9gJsFsJ7ggKTppmuRvI4JXKomcGlJOStco1lnjFJY12071AylCUa7k1exBc8ssjTlrRL3IEmNtcIAoBNthRSTbSSt+EDTWjVASxp2D3EtHTIGbz6ZwwRydyd7rlGBcXOa7e59q9dEBG4PVF5MfZNxUlJeUTomgEmAOLu0FX9zAbpPe/YVumktA0WwWAcBFhsDAcleoRfdHsf4GnZMlWoCqtGBb+tXytzMgYAAAAAAAAAAAD3CgBDKgEMApDGu2nd7aUIgQ1ruAii+4NWHaP2NBIqOrp+SXuCA0yxjGdQdozobeuo0321xdlQhbM0x9rfbPRPnwZyVMgBonZhfgaKvyJsSTb1GoaSfgCdwooEBND2GSQU/AABQGmLM8TbSTvdNGelAA5TlN22SMAExDeoiAdhQ1sNgL8AaY8UskJOOvbx5MwEx3YmCAuE3CalHdFZprJJOqfNckcD05AloTWg7Xgabe5AlT3YX4QNKwAG29wqgYAO7JXhjsUvKAYIAAAAABOmOtBPUafBBKbi7KmldrZiktAg1qnsyhcADTTAigAAIOQAAAAAA5AACgAAAAAABMYFHR2JY7ejatP8AOxmF7ITao2FyAuR8kBYWDXpQqCEVQ40mrV09RXbAOA4BpxdPRoAFwPgS1YcANF5HB12RcdNdbsjZAA4xctIpv2Iapld1KrF+CAT0rkf5FQlvYFcC/IxFDEAAAh0JkAtxiHowNcc8ukMd73SIlCUHUk0/UePNLE24SptVsQ5tgDWgudBbjXqQFvYKBMd6gCVbgVDHOdUt3W/JLu6fAA9V6hdhsxbMB7HROcJYKlJOd2qswiu6STdXydHZhxycZSUnxXH7AYRhKTpLUmqdM6X1LioKKUVHzqYTl3NveV7gRs6GKSBaoDTFjeVtJpUr33DJGMYpKVy502I5ABA9AYwGmTJUwumU9UARffGnutiWtQVxdrcp/Uu5fkioGIAhgAFAwARFPcAAIQwAAQxAFDAYgG7Y6ADQKA1wQjOUu6qirJydve+z7eCiHsIbEAwEPkiKnKWSTlN23uSK9dA1KDkG3YIdkUJvhCae7CzaLculnFvSMk0VGIAaZYKHa07Ukn7AZ+ohi5IGAlsMAABNgMHyTux15AQ/YKoFuQOl5FQxwUXJKT7Y3q62KEJo0y4/l5HFO1w/Jm9iA2YxPVBpWgGmKax5FJrurWroWXWbaj2J6pE0/c1yZISgo9na1zd6eAMgq4+wX4WvkavfkCU/I+58KrB0nqACryUtNhcAAWLZjDdAAgQwEAAAf5jW9AABJBCXa9dnuhkPcgqSrbZiKg7Xa/wS9HQAAAAcAIYAwCgAAAAoAAAaetg/udbC9xoB3qgToNmgs0GpOK05VCsVhq9QG2KwoEAAkHIcgOcHjk4yX1LcKo06lqXUTlF2pO/3Dp4qWWMd701KjIGMQCRXHoSPgigvJPvUUlXaqIC1QDRL3BsKsINgthQ0AtQoBgAMDfM8Xysfy1qtJPyFc7ENhxoRDBK2kt2JDVlG8+nzdtzr6dNzA0lnm9HLTwjO72QAt2hVTGtNXuMgVv29AryAAGiD2AAB/VFegkwW4NUwGNVTt0609WIcISm6ire4CDY6I9L/AIbnkl2pHO9JNLVcAJ+gWOuGhLRgNRb4HSq29RNylzsFeQCwSG0r0egAHuTLcp7kyZAi/vjfK3IHF9rTQAA5LS1sTwFAwAAAfuJgFgAwF+AsAAGAc6gA3sC0Q2hX6GgUhiGtQBJ62gZ2LDFZYwjkVad0ZaHLkS+ZKtrYEMa1EwW4D5scZOMlKLpp2iX7hYD315ZTlH5aikr5ZFiAAQVqaQxSkvpi2QZhQwKg4AACgAEEMQxEDAAbSANydh2IKB2xD2CCh1QAAahYcBoAfgDpyqDjOScexpdivVelHMAAIYAxPVeow515ASf9i8cpRn3Q3RFU7Hb9kBpLLOSqc21WxCl4Qq1D2Aeu7ENLyxqrIEkx0AFBwIaEyAehDG3aEUAAAVcGlo9mKS7ZUTwaKpxr+ZbEEAHuAAA+BAAAwAACtNw5AAQByUWTuhtvQngCgVJ2H5FZRpkyPJkc3VvwQ9xX4FuNDFyOgSIEBW3/AHE9gFReOCnPtIKTadrRlHR/gQtay/GpD6l1UUkuHWpiAQXqGgAFAAIBi4CxEDdBYVQgHqwoYAKqBjFQCGtqENAMAAIQwACoQlP7fz6FZMM8aTktyYTcE0tLCWRtaycq8gTV7Botxa0CX5ALvYEvJXa0rapEgMNWJalgKgGHgBD2AABhYBQCJ51Ka0JIAQ2IoK0AYiKBp001uIANJpSXevyiFuOEu166pjmqemz2AlhwAAA610FwNNp6MBAHuFAAIA1Cm9RDfoFbWUIB8gEIqKjy3QqACp9tvtuvUngNaHp2+pQXqJjEwENiKIEAWK7AbYewgQBYIFWwACQzXpsmPFlU8kO+K4M5yUptpUm9vBUIQwe+6IpIYkMDZwwLpYzU5PM39vCMORgAvcTHuICgSFeuorbAq0nqK/AMqMW/QCdWOK10LSUXq9Qc62SRcQdmv1OkFxjolfqS5XYtWASm5MSVlJAQFa6D2EvQYCAaDggNuAYCANmADAl6CGxcAAgGFJgAIADmwHuUIuL7kov8EcjIBpp68AX96tbrcgADYEkAAwVc7AHqAOuNg8gAFaNIGAaJf6FUhpeRcD1T1AljB7AEO70FQaBdANeoqFqxpagId+AoApUOv3AAgExg9gEhiW5TT9gE9AW2iDRGnysnynk7X2eSjOvIMAWxBPIxD0AfqAb7DlFKK11YE2IpJvYuKjHV6ssgz7W9kUoaa6FuevBLlqXJEO4x2QOdkWG5NA2FNgOyaFRQtwAB1oLkZAceoK0L3DUBiHxoIoBhuLkgdCGHAEsRTCgqQoA2AVAMQAAAUHIDEQVGXbKxzjVNbMkqMq+l7ASNhJOLrgQAFj3QnoAPyAegIodDu7DnYLCkPcV37ByAULcdgvAC3HQJaD0CFQAHuUIa0QMEQHJ0dP0rzxnLuSUVfuc47etOkUIG7QcAiBLcfOotBgDNPnz+R8m/ouzKw1YDFYc6jUXLYCR1yaRjFfcNy9DXiahRe+xVRWu4u4lsfUFOQmyR2S0G4ULUexAcAAIgYAAByAD21CENAKyhiofAcEC4DkeuwAFaWAcCvQoa0D0FYyBMHsFCYUt2AcByFDDgAQQh2LkADkYAAmMBAaJ9yp7oh7htqXKpLuX5AjkbD8i4AYkAUA7bCqHyC3K0TVBppoERvb8BCYAEQHoVCEslqCt1f9yVydfTNqO/+7RRzZcbxz7XvSIKy7r2J/lIkD4oSH4BbsAQIEPlgL8gmJ8AwBgwe7FyA0NRteAhuaLcshqe1LfUL8D5Yv5jXpCbYrB7oP5UZ1Rz5C72JK5IDcK8C4K4AQC8jYBYxS3GiATC9BD8lQaseoojRAgKZPkB2LgbABDvSg5YR2AQUNA9gF7DpfkT2BhQJhETKDigaGtxeCKAEyghAD3YmAweqDgXgKPQGAwgHGXa/RkjiBUo09NuCeC1/wANEooQbMGOGz9v9SD/2Q=='),
(29, NULL, 'sdfsdffsdf@dsasd.dd', 'adfafaf', '2019-06-05 04:00:00', 24242, 2, '2019-06-20 04:00:00', NULL, '244', NULL, 1, 'data:image/png;base64,iVBORw0KGgoAAAANSUhEUgAAAOEAAADhCAMAAAAJbSJIAAAAMFBMVEXFxcX////CwsLGxsb7+/vT09PJycn19fXq6urb29vOzs7w8PDe3t7n5+f5+fnt7e2uCwolAAAFHUlEQVR4nO2dC5qqMAyFMTwUFNz/bq+VYYrKKJCkOfXmXwHna5uTpA+KwnEcx3Ecx3Ecx3Ecx3Ecx3Ecx3Ecx3Ecx3EcA2iO9cdIc5PUdO2l78+BU39p66b4HplE3eU6VIcnqmNfl1+gksr6+iIucr50WYukor7+re6Hoe1y1UhNO3zUd+fUFRmKpOa0Tt6dY5ubRCouG/QFzk1WGmnt/JxzykcjdZ/jyxJDLlOV2l36AtcsJJb9boG3YcR3DuqODIE3LtYKPkDdmwRmpUToUaSaq++AvRgZMWbOubQW8hdCAm8ZDugoikzREdCJ2okJPBx6azFLNOwoOgcxojJ98JkaTSJxMpklKrCAKhZGI0drTY/wU5lXoJYibannV9NYy4oozNEAkPHTjop+DTDxVGkIgYJNoyQQJtiIW+EMjGAjm649AjGIaqswcEZQKJ2QPlJbqytki6ZXAAZRJ52J2McaUowzAfs+uFzrYhnzaapphiPWdaJWShqxjqa6kTTQ205TVbsfMa6htL0iYOsXpJrQjHSmCkv1QGPtiHqlYcQ21Gj7fcDU8xOEUuNgSltPzexh+HqFlanCBHZ4OLhCV+gK/3OF6vWvucLv98MUOY2pwu/PS/+D2qJU7pYGbOvDFDW+bbON9p3o3oRxn0bfLgZTgSn6pSfrtr56qLHemtHPTK2319SzGvtjQ9qeb39Wgc66Cm073nd0U1PzDdJCO3Gzn6TKpl9Zq7ujGWsQhlA3NwWIMwG9zM08Y/tBrR9VWeczv5CSQuuUNKIUTk23ZJ5RKfVhjnkXotfWIlgX2BSCDYbZR+QTcLhb3dKZDUY2M0d4KWItwhHRah/zsrOgKw4wycwjcgEVcgQDQo23CqSiWEJkFAfod2oE1uIZdA1OsCPqFXYNTjCfb8Ez+iX2x5sKLlVbhtqdDcar9ZevhnbZxoBUD35k23t0d304LYs1ELVbnfFaZ/REJJX9niP8Q19moZGo3m8XR/yBvOnjFftncI2c8ZuNo7WMP5HQh6yRGrlmFOJTnyTcT+zRlqPUBI2gTVWNUzUna1ERgecgF4GpNBQ38jGqxVLzQA1A31Rrhk6Yz9QEh/WND0GnuG9huhiTXJkxfAizTHLr6cbJKN6UCU6x/2DTRE1xEeEXi3O0ZUqBN4nJRzHhFB1JPlFTBZlI2kQ8zc3KJ1Le8DIRmFJiknuVS6RK4Ej/JtBfJErDSzOBiY4wJHX6Z1I4v1GUmdCPNirnLLeg3oJLcbX5PcpHNbRvOa1A956QmRPOUXVF+zkaUJynpkYR0bOMJH2nNej1pqyV/aKkz9jr5yj5vrXXz1F5SQLACiMapmierj2ikLyleKdlA/I/2oFxiglxx9B+mHwz0lf34IZQfhDRhlD6bhvgEAoPYooHkTczSIZTLC+cEExsoNKZiGBiY9cCfo/Y/SjIOBMQizWWTe73CMUasJx7jlD+DdKdWUKoY4PRYFtGpO0G1Lx4RaadgTtJhf4fiGqGIwKWCGuGIwKWqP+7IxYCzygjR9IAO5pC7Da9g70TBVpWRNgFBlgT8RV2WxHbKwJMv4BOaEaYaU2K16yZMN/qgV+G7IWIvwyZCxHeDQMsR8wg0DBDDXB5H2EV+hkEGmaoySHQsEJNFoGGFWrAq98JRhUMX1iMMMqLLEIpK5jCbd4vw9nSt/72lewXiN6jmdjfq8Hdknlk92ZwJnbIMMRM7JBhiFlUFoHd1UWaP1QKsPsHA5mkNB+Smn9r+138jGzYzgAAAABJRU5ErkJggg=='),
(30, NULL, 'sdfsdffsdf@dsasd.dd', 'sdasdasdsda', '2019-06-05 04:00:00', 2422424, 2, '2019-06-20 04:00:00', NULL, '2424', NULL, 1, 'data:image/png;base64,iVBORw0KGgoAAAANSUhEUgAAAOEAAADhCAMAAAAJbSJIAAAAMFBMVEXFxcX////CwsLGxsb7+/vT09PJycn19fXq6urb29vOzs7w8PDe3t7n5+f5+fnt7e2uCwolAAAFHUlEQVR4nO2dC5qqMAyFMTwUFNz/bq+VYYrKKJCkOfXmXwHna5uTpA+KwnEcx3Ecx3Ecx3Ecx3Ecx3Ecx3Ecx3Ecx3EcA2iO9cdIc5PUdO2l78+BU39p66b4HplE3eU6VIcnqmNfl1+gksr6+iIucr50WYukor7+re6Hoe1y1UhNO3zUd+fUFRmKpOa0Tt6dY5ubRCouG/QFzk1WGmnt/JxzykcjdZ/jyxJDLlOV2l36AtcsJJb9boG3YcR3DuqODIE3LtYKPkDdmwRmpUToUaSaq++AvRgZMWbOubQW8hdCAm8ZDugoikzREdCJ2okJPBx6azFLNOwoOgcxojJ98JkaTSJxMpklKrCAKhZGI0drTY/wU5lXoJYibannV9NYy4oozNEAkPHTjop+DTDxVGkIgYJNoyQQJtiIW+EMjGAjm649AjGIaqswcEZQKJ2QPlJbqytki6ZXAAZRJ52J2McaUowzAfs+uFzrYhnzaapphiPWdaJWShqxjqa6kTTQ205TVbsfMa6htL0iYOsXpJrQjHSmCkv1QGPtiHqlYcQ21Gj7fcDU8xOEUuNgSltPzexh+HqFlanCBHZ4OLhCV+gK/3OF6vWvucLv98MUOY2pwu/PS/+D2qJU7pYGbOvDFDW+bbON9p3o3oRxn0bfLgZTgSn6pSfrtr56qLHemtHPTK2319SzGvtjQ9qeb39Wgc66Cm073nd0U1PzDdJCO3Gzn6TKpl9Zq7ujGWsQhlA3NwWIMwG9zM08Y/tBrR9VWeczv5CSQuuUNKIUTk23ZJ5RKfVhjnkXotfWIlgX2BSCDYbZR+QTcLhb3dKZDUY2M0d4KWItwhHRah/zsrOgKw4wycwjcgEVcgQDQo23CqSiWEJkFAfod2oE1uIZdA1OsCPqFXYNTjCfb8Ez+iX2x5sKLlVbhtqdDcar9ZevhnbZxoBUD35k23t0d304LYs1ELVbnfFaZ/REJJX9niP8Q19moZGo3m8XR/yBvOnjFftncI2c8ZuNo7WMP5HQh6yRGrlmFOJTnyTcT+zRlqPUBI2gTVWNUzUna1ERgecgF4GpNBQ38jGqxVLzQA1A31Rrhk6Yz9QEh/WND0GnuG9huhiTXJkxfAizTHLr6cbJKN6UCU6x/2DTRE1xEeEXi3O0ZUqBN4nJRzHhFB1JPlFTBZlI2kQ8zc3KJ1Le8DIRmFJiknuVS6RK4Ej/JtBfJErDSzOBiY4wJHX6Z1I4v1GUmdCPNirnLLeg3oJLcbX5PcpHNbRvOa1A956QmRPOUXVF+zkaUJynpkYR0bOMJH2nNej1pqyV/aKkz9jr5yj5vrXXz1F5SQLACiMapmierj2ikLyleKdlA/I/2oFxiglxx9B+mHwz0lf34IZQfhDRhlD6bhvgEAoPYooHkTczSIZTLC+cEExsoNKZiGBiY9cCfo/Y/SjIOBMQizWWTe73CMUasJx7jlD+DdKdWUKoY4PRYFtGpO0G1Lx4RaadgTtJhf4fiGqGIwKWCGuGIwKWqP+7IxYCzygjR9IAO5pC7Da9g70TBVpWRNgFBlgT8RV2WxHbKwJMv4BOaEaYaU2K16yZMN/qgV+G7IWIvwyZCxHeDQMsR8wg0DBDDXB5H2EV+hkEGmaoySHQsEJNFoGGFWrAq98JRhUMX1iMMMqLLEIpK5jCbd4vw9nSt/72lewXiN6jmdjfq8Hdknlk92ZwJnbIMMRM7JBhiFlUFoHd1UWaP1QKsPsHA5mkNB+Smn9r+138jGzYzgAAAABJRU5ErkJggg==');

-- --------------------------------------------------------

--
-- Table structure for table `encuestas`
--

CREATE TABLE `encuestas` (
  `id_encuesta` int(11) NOT NULL,
  `id_comanda` varchar(5) NOT NULL,
  `nota_mozo` int(11) NOT NULL,
  `nota_mesa` int(11) NOT NULL,
  `nota_cocinero` int(11) NOT NULL,
  `nota_restaurante` int(11) NOT NULL,
  `comentario` varchar(66) NOT NULL
) ENGINE=InnoDB DEFAULT CHARSET=latin1;

-- --------------------------------------------------------

--
-- Table structure for table `estado_mesa`
--

CREATE TABLE `estado_mesa` (
  `id_estadomesa` int(11) NOT NULL,
  `nombre_estado` varchar(50) NOT NULL
) ENGINE=InnoDB DEFAULT CHARSET=latin1;

--
-- Dumping data for table `estado_mesa`
--

INSERT INTO `estado_mesa` (`id_estadomesa`, `nombre_estado`) VALUES
(0, 'libre'),
(1, 'ocupada sin pedido'),
(2, 'esperando pedido'),
(3, 'pedido listo'),
(4, 'comiendo'),
(5, 'esperando cuenta'),
(6, 'pagando');

-- --------------------------------------------------------

--
-- Table structure for table `estado_pedidos`
--

CREATE TABLE `estado_pedidos` (
  `id_estado_pedido` int(11) NOT NULL,
  `nombre_estado` varchar(100) NOT NULL
) ENGINE=InnoDB DEFAULT CHARSET=latin1;

--
-- Dumping data for table `estado_pedidos`
--

INSERT INTO `estado_pedidos` (`id_estado_pedido`, `nombre_estado`) VALUES
(1, 'pendiente'),
(2, 'en preparacion'),
(3, 'listo para servir'),
(4, 'servido'),
(5, 'cancelado');

-- --------------------------------------------------------

--
-- Table structure for table `logueos`
--

CREATE TABLE `logueos` (
  `numero` int(11) NOT NULL,
  `id_empleado` int(11) NOT NULL,
  `fecha` datetime NOT NULL,
  `tarea` varchar(50) NOT NULL
) ENGINE=InnoDB DEFAULT CHARSET=latin1;

-- --------------------------------------------------------

--
-- Table structure for table `mesas`
--

CREATE TABLE `mesas` (
  `id_mesa` int(11) NOT NULL,
  `sillas` int(11) NOT NULL,
  `estado_mesa` int(11) NOT NULL,
  `zona` int(11) NOT NULL,
  `habilitada` int(11) NOT NULL DEFAULT '1'
) ENGINE=InnoDB DEFAULT CHARSET=latin1;

--
-- Dumping data for table `mesas`
--

INSERT INTO `mesas` (`id_mesa`, `sillas`, `estado_mesa`, `zona`, `habilitada`) VALUES
(1, 4, 3, 1, 1),
(2, 3, 0, 1, 1),
(3, 4, 0, 1, 1),
(4, 4, 0, 1, 1),
(5, 4, 0, 1, 1),
(6, 3, 0, 1, 1),
(7, 3, 0, 2, 1),
(8, 5, 0, 2, 1),
(9, 6, 0, 2, 1),
(10, 3, 0, 2, 1),
(11, 3, 0, 2, 1),
(12, 3, 0, 2, 1),
(13, 2, 0, 1, 1),
(14, 6, 0, 1, 1),
(15, 2, 0, 1, 1),
(16, 2, 0, 1, 1),
(17, 2, 0, 1, 1);

-- --------------------------------------------------------

--
-- Table structure for table `pedidos`
--

CREATE TABLE `pedidos` (
  `id` int(11) NOT NULL,
  `id_mesa` int(11) NOT NULL,
  `id_cliente_visita` int(11) NOT NULL,
  `fecha_alta` datetime NOT NULL,
  `estado_pedido` int(11) NOT NULL DEFAULT '1',
  `hora_estimada` datetime NOT NULL,
  `hora_listo` datetime NOT NULL
) ENGINE=InnoDB DEFAULT CHARSET=latin1;

--
-- Dumping data for table `pedidos`
--

INSERT INTO `pedidos` (`id`, `id_mesa`, `id_cliente_visita`, `fecha_alta`, `estado_pedido`, `hora_estimada`, `hora_listo`) VALUES
(43, 1, 19, '2019-06-18 23:15:13', 3, '2019-06-18 23:15:13', '0000-00-00 00:00:00');

-- --------------------------------------------------------

--
-- Table structure for table `pedidos_borrados`
--

CREATE TABLE `pedidos_borrados` (
  `id_comanda` varchar(50) NOT NULL,
  `id_producto` int(11) NOT NULL,
  `cantidad_producto` int(11) NOT NULL
) ENGINE=InnoDB DEFAULT CHARSET=latin1;

-- --------------------------------------------------------

--
-- Table structure for table `pedidos_detalles`
--

CREATE TABLE `pedidos_detalles` (
  `id` int(11) NOT NULL,
  `id_producto` int(11) NOT NULL,
  `cantidad` int(11) NOT NULL DEFAULT '1',
  `date_created` timestamp NOT NULL DEFAULT CURRENT_TIMESTAMP,
  `last_modified` timestamp NOT NULL DEFAULT CURRENT_TIMESTAMP ON UPDATE CURRENT_TIMESTAMP
) ENGINE=InnoDB DEFAULT CHARSET=latin1;

--
-- Dumping data for table `pedidos_detalles`
--

INSERT INTO `pedidos_detalles` (`id`, `id_producto`, `cantidad`, `date_created`, `last_modified`) VALUES
(43, 1, 2, '2019-06-19 02:15:13', '2019-06-19 02:15:13'),
(43, 2, 2, '2019-06-19 02:15:13', '2019-06-19 02:15:13'),
(43, 3, 1, '2019-06-19 02:15:13', '2019-06-19 02:15:13'),
(43, 4, 5, '2019-06-19 02:15:13', '2019-06-19 02:15:13');

-- --------------------------------------------------------

--
-- Table structure for table `productos`
--

CREATE TABLE `productos` (
  `id_producto` int(11) NOT NULL,
  `nombre_producto` varchar(300) NOT NULL,
  `descripcion` varchar(400) DEFAULT NULL,
  `id_cocina` int(11) NOT NULL,
  `precio` decimal(10,0) DEFAULT NULL,
  `habilitado` int(11) NOT NULL DEFAULT '1',
  `minutos_preparacion` int(11) NOT NULL DEFAULT '1',
  `imagen` text,
  `date_created` timestamp NOT NULL DEFAULT CURRENT_TIMESTAMP,
  `last_modified` timestamp NOT NULL DEFAULT CURRENT_TIMESTAMP ON UPDATE CURRENT_TIMESTAMP
) ENGINE=InnoDB DEFAULT CHARSET=latin1;

--
-- Dumping data for table `productos`
--

INSERT INTO `productos` (`id_producto`, `nombre_producto`, `descripcion`, `id_cocina`, `precio`, `habilitado`, `minutos_preparacion`, `imagen`, `date_created`, `last_modified`) VALUES
(1, 'Risotto', 'plato italiano', 5, '100', 1, 0, 'iVBORw0KGgoAAAANSUhEUgAAAOEAAADhCAMAAAAJbSJIAAAAOVBMVEXz9Pa5vsq2u8jN0dnV2N/o6u7w8fTi5OnFydO+ws3f4ee6v8vY2+H29/jy9Pbu7/LJztbCx9HR1ty/NMEIAAAC8ElEQVR4nO3b67ZrMBiFYaSh1HHd/8XuFap1SFolXb7s8T4/18EwOyNCiSIAAAAAAAAAAAAAAAAAAAAAAAAAAAAAAAAAAACryrezAy2kulR+lVl6dqip7Jr412Zyeizj7yjODjYqvhRQTMQm/1rC/OxsvapIht3xehDeN1lIOBSrtt+ZW+t1Kh02GrciEvaDNLl4Ph1e+hqvEk4Z94SZ580WchJGJNyHhH/JlrDR+uC+iU6Yqf7c2JXNga0KTlj/xOP5ujuwdpabML0mz1VXUu7eqtyEP5OAvysdvXerYhMWs4C/a+e9uyg1YXVdXh7sXTtLTagXFcaJ2rlVqQmXgzSOu5f76J5shSasylXC/NVJUbknW6kJLx8lNPNu6WhRaMKPRmmtzB+7WpSasNk+09TjmdPeotSEVbfs0HW7LFXjh2FvUWrC1Z1F1yCt1aRtW4tiE0ZqPk4dp4NUzYaypUW5CaNuGtExjdSLz8HSouCEjRqvnuLcceE/b9D+UQhOGFWZys093e7S2IfoqkFbi5ITRv1NDN24ds7SoKVF4QlfsTa4bjHchOmPI+AiYrgJXQ0uB2qoCWt3g4sWQ034qsF5i4EkbBY3ol43OGsxjIT6luvp7NG+DfhsMYSElc7jpHteAL85BhcthpBQ38zPny1uadD8x3C9JT+habD/RXdfu21rsP822fy5/IR9g/GjxXpjg+ZSKoiEY4OPFrc2GEzCR4O9XL87D4aWcNrgEHFzvkASzhv8UAAJVw3+dwkPNRhAwoMNBpDwYIPiEx5uUHzCww1KT1htX7qEmnD9/SEJSXhutgEJSUjC8/lOKPs+jfla7ajh/qPUhP6Q8C+RcJdKUML7W0HK75vA9+/hrmenM8bHgr/y7pqS8O7a43nEb7x/6Pvo3iddPa3njYx3SKMoO37rwu4mo8LIPJB4fLG2lggZoz3d5l6PQuPWahHTzEgXF79KQQUCAAAAAAAAAAAAAAAAAAAAAAAAAAAAp/gHLTI30QIHnooAAAAASUVORK5CYII=', '2019-05-27 01:16:34', '2019-06-07 18:02:18'),
(2, 'Hamburguesa Completa', 'Comida Rapida', 5, '100', 1, 0, '/9j/4AAQSkZJRgABAQAAAQABAAD/2wBDAAUDBAQEAwUEBAQFBQUGBwwIBwcHBw8LCwkMEQ8SEhEPERETFhwXExQaFRERGCEYGh0dHx8fExciJCIeJBweHx7/2wBDAQUFBQcGBw4ICA4eFBEUHh4eHh4eHh4eHh4eHh4eHh4eHh4eHh4eHh4eHh4eHh4eHh4eHh4eHh4eHh4eHh4eHh7/wAARCAA+AEgDASIAAhEBAxEB/8QAHwAAAQUBAQEBAQEAAAAAAAAAAAECAwQFBgcICQoL/8QAtRAAAgEDAwIEAwUFBAQAAAF9AQIDAAQRBRIhMUEGE1FhByJxFDKBkaEII0KxwRVS0fAkM2JyggkKFhcYGRolJicoKSo0NTY3ODk6Q0RFRkdISUpTVFVWV1hZWmNkZWZnaGlqc3R1dnd4eXqDhIWGh4iJipKTlJWWl5iZmqKjpKWmp6ipqrKztLW2t7i5usLDxMXGx8jJytLT1NXW19jZ2uHi4+Tl5ufo6erx8vP09fb3+Pn6/8QAHwEAAwEBAQEBAQEBAQAAAAAAAAECAwQFBgcICQoL/8QAtREAAgECBAQDBAcFBAQAAQJ3AAECAxEEBSExBhJBUQdhcRMiMoEIFEKRobHBCSMzUvAVYnLRChYkNOEl8RcYGRomJygpKjU2Nzg5OkNERUZHSElKU1RVVldYWVpjZGVmZ2hpanN0dXZ3eHl6goOEhYaHiImKkpOUlZaXmJmaoqOkpaanqKmqsrO0tba3uLm6wsPExcbHyMnK0tPU1dbX2Nna4uPk5ebn6Onq8vP09fb3+Pn6/9oADAMBAAIRAxEAPwCHwP4Rn1a01PUGcpJYwrIIo88g5yTj0wPzp8a6klu6tfq6n5CGQKVHTr/WtXxN4i13wbaLrPh3R7i7uY22zyAfuWi/iXHU5x+HWs+3+JfgTxfaRJCjaLrhOZIrrcGl4JOGHyt9eDXXm6oVsQ3Tknp1/wCCefgfbKkueLTuT+GPDHhk3JXUfEdxPKjAMIISsYJ9CTk/XFd5DB4E011B1EkrxgLIS39DXja+MNF0jWbkXJ/tQOU8mOLdkMM5xgj196W++IEc0hWH4f6iZFPIe6dD/wB8la+V9l9XVoRhfvJO59DFVKzvUcreVj3GHx54R02I2+ni6llCkqgjCD8azf8AhI11/Uha6hZuI52xFH/tA8A+xya8dPxBubULdW3wyuLaU/L9pO6c/gDxW54R+LngyC8ivtZh1aC9gbeEktwFZ+MZbJxz7V20MRXqVI801yrtojGvhIRg+WLbffVnVfEKPWbO4cW080MDYO0t8oU8j6Yrx02M/izULzX7iRhZWjG1sPNziR1+/IR12qDk9OWC5r0fx54xfxVpyWWhXltPcam5UPCQywR/xE4zwMgY5zkD+IU59HstO0K0tBt+z2kITaW6YHO7sSSSxPck+uK3ny6qOl/yOWzWrOMtNb03TdMXStNnmaOPJcwx8u2cli2OporFvsC7nmhIIBx7Hn0/GitoRdtDOTVzsrfXNRiRopZ8KflUNyMnp+A5/KuWexk1ebUJtH08x2oYieWLCb25JUHHHTp/k9P8WBbWviS30uwnV5xZmRyvQOzEbc98BR/31WVpF1ZeHIYYpbi4ltJGEkkQ+URsAPvfjzXk4utPCQ5Ptfkexg6Eai57bkOgQ6G4eO1gtra4WMtLHIAW3KMHDHkjP6nFdhIDp0FsdSuxZiRdqKqBg5BJ54IB+o/Os2DVPCV3qQnt7mxN0SMxzSKjHGOQVXPb/Oa1Lh0i08mSaO6guGdQS+4qD1QNgdQOvB4NfKznCrK8rpvuevytLYjuNVTyYbmyuZ7iC0bfJvlXCsWK5AC5Yjd1X/8AXleJr7RNRFxr11cXjMQY28x2eMt1weARwehyORTZb5raCez0w7bK9UGRJGVnRuMjIA4z7fnXJa/4aDu8sj3FvLuDCEqxAz/vdORXXQrqMXGT0JlRu+aOjFubW+tvCklx4f8AM07zpRLDcpF5Qm2k5UY6AE9upyOQMBvh34iPqQ/sXxCr2moJhN7Hhwen/wCse1aC6tqWl6UNN/sea5W1TdGHVlikU8g+gPJ55BzWB4s8J3etaYdUtbVIpk/exyLgEE9UIA6HHHHv3r18JipOf7zZ7f12OCthoqnsb95AsUI+zxIybugOW/L3oqz8HJX1myiN380tujKit1DDGc/maK9SWJ9m+Wx5MqVmUfilLJY6xZ6uy5SJvKmJ/ut0J/EY/GmXsun65sknu0iN5uDKrbNx+pBG4k5685I4rpvippqXWm3EUSCXfF0x3HI/OvCdJ1p9Klazu0aWzY490/8A1etLG4TnS5TswOKSvGR1lj4YeyRbmTT0ktVkZZHLBgBnB3AHI/Gp7DxZYeH7m2tJEW50/wC0AyJKu7ylwRlR7E/lmus8FeJtGvdNe2vLhrpWU7G3bZFB6rwRuyK5Pxd4bsr5IdM0a08672mTzQG3kdgV3Y/T0968GF1VtiD2ZVXKNoHrVgdI1u0t5bWK1SOcKFdGCg59Dj61Xm8N6tdXHlhoJZY0YxFZUG5VOCeSP8TivFvD2i6xb6XcLDeSpdQ3CgWJcqSRkE89COK62bx5qttbQQrYix1CI/vELMCcY7Zxzz2rKtQpTk1DVeRVOM1/wTqYFSe0MOmLL9pCP55LALtIC+vTn+VZE7XVjdrFe6crqsOwBrgIeepKsNw78YzzXTxwtf6XbaoutLZJPCDdQLgpznOVyM579Tn868819NLs7wTSXou9v3flbbuz0wev5etPBYarKpZa/kZVq0FFm58KTMNVzEWVvNlmIxwAQcnpxyR+dFdJ4e0ief4aeJJ7ZhbaveWbMnlD/VhVJWNc9zyCf9r2FFfVyy+pUSmup87OtByabtYuTNHc2bxynJIJya+dfHGnXFnqE0jp8rMW+Xt/9avZ7m/kiLYztI4Fcfq4t9Ys2guIyDzhx1FKu5YdxXQVK1S76njMd3c20xe3lZMHsa27DxnrFuVzKXx3PWm+JdCbTZseajq3KkDB/GsLbhqtxhNaq5tCrKOiZ3tl8QrxJjNLaq8rHJkKgseMdahvPF63D+ZNpqSuRjLYOfzNcrFIgjywPFS2775PkBU+uaX1KitUh/XKt7HRTeKdYmhEEW22iAxsxjA+nat34f6Vc6rqK3lyXe3hPzyOep/ur/X2o8A+CI9WX7dqd0TbqeIYuC31Pp9K9StbWCBIrK1iSCFOFVRgCtoULRutjKpiG3Znb+AomIIPCMSWyP4QMn8MA0Vn+JdVPhf4ba3q0KF5lsmgix/C8g27vwBP50V7GHlGjBRZ5s6cqsm0f//Z', '2019-05-27 01:16:34', '2019-06-07 18:02:34'),
(3, 'Sprite', 'Bebida sin alcohol', 3, '80', 1, 0, '/9j/4AAQSkZJRgABAQAAAQABAAD/2wBDAAUDBAQEAwUEBAQFBQUGBwwIBwcHBw8LCwkMEQ8SEhEPERETFhwXExQaFRERGCEYGh0dHx8fExciJCIeJBweHx7/2wBDAQUFBQcGBw4ICA4eFBEUHh4eHh4eHh4eHh4eHh4eHh4eHh4eHh4eHh4eHh4eHh4eHh4eHh4eHh4eHh4eHh4eHh7/wAARCAAtAC0DASIAAhEBAxEB/8QAHwAAAQUBAQEBAQEAAAAAAAAAAAECAwQFBgcICQoL/8QAtRAAAgEDAwIEAwUFBAQAAAF9AQIDAAQRBRIhMUEGE1FhByJxFDKBkaEII0KxwRVS0fAkM2JyggkKFhcYGRolJicoKSo0NTY3ODk6Q0RFRkdISUpTVFVWV1hZWmNkZWZnaGlqc3R1dnd4eXqDhIWGh4iJipKTlJWWl5iZmqKjpKWmp6ipqrKztLW2t7i5usLDxMXGx8jJytLT1NXW19jZ2uHi4+Tl5ufo6erx8vP09fb3+Pn6/8QAHwEAAwEBAQEBAQEBAQAAAAAAAAECAwQFBgcICQoL/8QAtREAAgECBAQDBAcFBAQAAQJ3AAECAxEEBSExBhJBUQdhcRMiMoEIFEKRobHBCSMzUvAVYnLRChYkNOEl8RcYGRomJygpKjU2Nzg5OkNERUZHSElKU1RVVldYWVpjZGVmZ2hpanN0dXZ3eHl6goOEhYaHiImKkpOUlZaXmJmaoqOkpaanqKmqsrO0tba3uLm6wsPExcbHyMnK0tPU1dbX2Nna4uPk5ebn6Onq8vP09fb3+Pn6/9oADAMBAAIRAxEAPwD7LoxQOlFAHlX7S99bp4NtNKOr3Gm3N5dqyNby+W5RB8xz6ZZB9SK7P4a3UF34E0cwXT3Xk2kcEkrtuZnjUIxY9zkHnv1r50+J+tyeKvG+oXd1+6htLl7G0iZsbY4XIZiPVnyfoFHau8+Auvvaa8fDxZZba+jaZNrZ8uRByfoyjn3UetfPwzuUsw+rWfJt8/8Ag/5HxdPiJPPfqv2GuX57p/Pb7j3HApCKWkNfQH2go6UHpQOlB6UAfHGv+DNBm8Waxr+pz2yva63eTGG6G+OYG4kOCg5YdO4HPPGa674Lad4bPxl0/VdD2Ru1pMrxqiooyrFiip8oXOD6847VgeLNO06XxfqsF+7lTq16WG8gH98xHT2Ndf8AAnS9Nh+IVtLYKQYYJ/4iflwo7+7V5KzupUxCTbu/d+V/U+Aw+czWOhhbfaPomkNLSGvWPvxR0opAeKM0AfE/jO/vLrxbqV3cwtCJNTupORgDMhwo+gAzXoP7PmoLB8R7K2hAb7VbzxP7DaJM/nGB+NdT45+BdprHiLUdbtfEc9kb2Uy+Q1qJFjYnLYO4HBOeO2a2/hP8IrLwV4hl11tcutUna38mKOSJUSLJBZgATljjHsCa+SpZRiljlWlayd7+R8LTyDGPNI4mVklK/TVHqlIaM0GvrT7o/9k=', '2019-05-27 01:16:34', '2019-06-07 18:02:34'),
(4, 'Coca Cola', 'Bebida sin alcohol', 3, '80', 1, 0, '/9j/4AAQSkZJRgABAQAAAQABAAD/2wCEAAkGBxITEBIPExIVFRUSFxYXFhUXExUWFRUVFhUWGhYXFxUYHSggGBslGxgYIjEhKSkrLi4uGB8zODMsNygtMCsBCgoKDg0OGxAQGi0lHyUuKy0xLS01LSstNS0tMC0uLS0tLS0tLystLS0tLS0tLTctLS0rLS0tLS0tLS0tLS0tLf/AABEIAOIA3wMBIgACEQEDEQH/xAAcAAEAAQUBAQAAAAAAAAAAAAAABQMEBgcIAgH/xABIEAACAQIDBQUDBwcJCQAAAAAAAQIDEQQSIQUGMUFRImFxgZEHEzIjQqGxwdHwFBUzUpLh8QgkNENTYnKCshZzg5Ois8LD0v/EABoBAQADAQEBAAAAAAAAAAAAAAABAgMEBQb/xAAqEQEAAgIBAwMDAwUAAAAAAAAAAQIDETEEEiEyUXEiQWETM/AUNJHB8f/aAAwDAQACEQMRAD8A3SAAAAAAAAAAAAAtsfjqdGDqVZKMYq7er9EtW+5H3Z+NjWpqrDNlle2aLhLTrGWqPGNw8JSpzlFNwclFv5uaOrXoWG7u06VV14U5ZlTkrySeRuV7qMuErZdbcLojflrFImm4ifHPsmgASyAAAAAAAAAAAAAAAAAAAAAAAAAAAAAAAAWu1MNGpSlCSvF2bSbV1GSbWnJpWfVNkfhcXShi1houKlKDapx+bFWabS+FdOpMzjdNdVb1MbiqGE9w21GVScYtvWpVnLstt8ZPXXku5Fbe7fF9UTXzPtEe/uyUAFmAD5cKS6gfQAAAAAAAAAAAAAAAAAAAAAAAAAAAPNSaSu3ZAeiHeyoe8qVbZqjk7SerhFpPJD9WP1l48en8Kb+hBYtK7t2mUtev3bUi8cLuPefG9bIsvylvm/qPLnLlLyuZzlj7LRimFzUmlpc8t835FlqpN6N97vYpyrN8X6FP1JafpwvoYrW179xdU6ifAilJ27K80uPiUpYqMLvNbXQtGbXKk4d8J0ENQ22r2mtHwkuPmiXp1FJJp3TNq3i3DG9LV5egAWUAAAAAAAAAAAAAAAAAAAIvb7agpcldPxdrfavMlCG3nqfJwh+tNekU39dgtXlF0q8uNy5jVberf0EM8TrbwLmNaV0rcTiy2iZejSnhOSw08udSa58V9xCV8ZNL4nfm7L7ycnKXul9+i5r8cTDMRJtzd735cLNMyzfTrScMd29q72u22rpvvT+yWp8p7bnF/N16Rf03b/DIh4ft+8fHx9SnVektb2XPT7PxYxi0uiaVTVfeCrrZx9P3kJjtqyv8S8NftZYVMWpK8eHDW618/IisTitX3fV4l9TblWNV4ZfsDEuVVSlJ26K2nDXU2Ts62qV7aNXXj3s01sfEtTi4vp3cPDvsbc3frZqa7vH7Tp6fxOnJ1UeNpUAHY4AAAAAAAAAAAAAAAAAAADDt9drRhVhS5xpuXnOVvqjczE0XvxtactrYuCs/d6auyUadGMnbrz06sreJmNQ2wa79ymtnV1nU5S05+mmjMjjtalwzK/C3ffQ1LDbb4ddCX2RtL5SOt9dbpa35cbfw7zgitol6l4iYbV2vtJQw6lmSvwu2rtJ6Jdy16XXmYPS2upOV9LPVP+JkW07V6EYUkp8JXjaEU5Koo3k7ptqUeypPV3SS46twu2KMaVpzWe8212s2kUqcU/dvRuLb7SaUnxNMlJtLDFMRWWZflSaunbXu17tWRm18fkg8tpS5Rvx9NSH2htbDRVRRry7KTilOzlJPWF7ZZKXZV43aTm3wREU9j4ydL38qlOipKU/lqkoycGpNzyxTkk4xlpo2ouydiK4E2y6XeIxUptXk46XcfF+v4uUMXJR1ck7aX0u79z06lvS3fxV4Tp1KU6UlJ+9pSdSKypXWVpTzcsq4vS5GVcFiVOfZclTjepb4Y6Xcbv4pWtdK9r9TWMWmU5olP7K2rkmou+V37STdkk/uZtLcbb6m4LWz0b4XvZLR68WaJwuI4LXNqrpvut9psrcitljVlo3FLomtYpXTtm7L8r9DO/0eYaREXjy3eDzCV0n1SfqejteYAAAAAAAAAAAAAAAAAAAc7+0aEqW28U1JxdSzva/Zq0Ixfk7tHRBoz+UFs1wxWFxiWlSm6b6Z6Us0fNxm/wBktXlattNbwrW1LrA42pKpCnH4pyjCPG2aTSXDxIivUeZrr9T1+0yjcPdyWNqVVCt7qrQjCrSbjmi5Kfzua1y6q/gzK9NTqXZXP3RuG0MTXjTdRPN7jAONK6vb3sqXvK+Iq2a0UGopX4yaWrSMfp7q0IueE/JJ1Vh4wqyqu8ZVqklKSw9Plk7VJNp2Svm1aZR3o2HXqTqVK2FrxdTLKrGjiJTwlWcUo58lOlKotFwa8+ZY4Lac4qaq4JzeRxg4VtowqpR1UHKonK2miVrNLTpEQzm0wk6uzsOsZVpywuG93hqNOpVcKXynvItuMYx+bnabS1bjFcpELtnC4uvKtSqSp3k6kq1SDnL3SapfzeEbJVJdmEU1x7a/Wb87Bw+JVTEungcSqWKUZTlWrKE6VSE5SUlVqR7au73cW/GzvHbZ2vOjSnRhBVM8oyjViqjp0pdpwUKr/pE7ylPO9Mzur6WtEMptvlf7M2csNBYd53LMqlRweRPNKUKEG003mSby3txbaS1gNrbyVlUqUYyUaSvFRjTjC8bJXXFpO1+PMr/7S4yXZjh6UW7LWLvmhFwfxSWuj8LNdTE8TCSk877T1eqbu3re3PuGjv1wv6FTw8vE2FufiJKnVjHT3qjFq3G0rxsueq+o1rhZcDaHs5wbqYnB0/15utN2t2KTbjfreUJL/MZZKd3iHVjydsblvqlC0VHokvRWPQBu4AAAAAAAAAAAAAAAAAAADBPbVsr3+yKs0ryw0oVl4J5Z/wDROT8jOy02tglXw9bDy4Vqc6b8JxcftJgceV3pB91vOP7rGRbo7wV8JUdSi0nKOVqUVJON07NeOt00Y7Ui1GUWmpQkrp8uKa9UXGzZ3a8fq6fjmTm93R0Mx39str0PabXy3lhqcmuLjOUF6NSt6kXtH2r4izVPD0ovrKU5r0WUx2FG6ZD4ukc9bbez1fRUpG6wqbf3pxmKvGtWllf9XHsQ84x+LzuU6+24Sc5Oi806kar+V7KnGMlG0cnwrNe1+SWpG1YlFo1h4d41KXnvDO7cYJXlKWspS1lLM+ass2qXJq61u3EVqzlLM7J87K13zfizyz4uJLPa6wkW2lx7rce4397Jdl2xOJqvVYeEMNF98bKdn4wv/mNM7oUE8VSk+EG6j8KUXUa81Fo6I9lmCdPZ0Jy+KvKVRvr81fRG/mDfhlwACAAAAAAAAAAAAAAAAAAAAAByjv5s/wBztPaFHl7ypKPhNqrFekiJ2Qu0vEz324YJQ2yqlrflFGnJvk2s1J/RCP0GB7EfbjfqWyeiJdHQ/wBxEfmGXUKHZZB46nqzKsHDR26EDtWnaUl48vx0POw33aYfY9RXupLG60S0kSOJiWNQ7YfKdRTUqLFNan1nqgizill+51B5MTVtdqnGmtLvNVqRT4/3IzOnNmYRUaFKiv6uEYfsxSbND+zPZ6qPC0/7XFqUuGsMLSU2nx0vU7joEEgACAAAAAAAAAAAAAAAAAAAAABpn+URhP6BiVydWm/HsSj9UzUuz1as/wDF9GY317ecHn2Uqlv0NanLykpU/rmjQmFfy673F+tn9pa37f8APy26WdZ6/wA9mwNnr6CD2zC0n+PpJvBrUhdtLts8nD+4+2niWOYuJYVESGKZH1WejD5nq4julQkirhY6rv0/H0lKRd4COq+7930FoeZLevsjwXaoSa/R4epPgrZ61eUVw55KZtUwn2ZYbLTqO1stPC0v2KEZSuuTvU4fhZsSi3IAAqAAAAAAAAAAAAAAAAAAAAAMX9p+G95sjGx/Vp5/+XKM/wDxOZKH6Wn3xj932HWO82G97gsXS/tKFaP7VOSOSVLWm78uP+d9S/NJhfFOstZ/LYGFlqRO2X2iUwU9VqRm3H23fv8A3HlYvW+3meWO4osKhfYgspnfD5zqvVK3kXeFm18KvK2iu03o1y566W8i1fElt36GfGYSFtZV6SV75W3UgvNcF10LPMnl09uVTSo1rar8orRTvfSlJUv/AF+PUyAg9y6mbBU6iX6WVafC3xVqjX0cycJUnkAAQAAAAAAAAAAAAAAAAAAAAAPFaGaMo9U16qxxtqo009GpSXo1952bHicebWo5as4/q4isvSUS1eJ+P9wV9dflmWAlqlfhz6kdtz4i5wFVuS16fuLPeCfaPPpXV32eS2oQNdlpMuazLWZ1vAz28qT4oybcGMfzhhpPV06tN2au+zJSulromr35a9VbGefgZluLCX5THLd2VR8csW40akknJPST009b8HZ588uh9y8O6ezsJTbbcaMNXa/C/BNperJoj934NYTDJ3uqNO+a7lfIr3bS18l4IkCWYAAAAAAAAAAAAAAAAAAAAAAAAjkbeRWxeJVuGLxP+v8Acdco5K3rj/PsbbljcR/3JFq8T8Jj1R8pnBRSmknfv/iW28S7a8y4wTtOJR3j+NHDX1vq80+GOVChJFxVKEzqeLm5UefQzj2eUIvE9tdlUsQ5Lk4ujO7zS4JPx+IwulFt6WtzehsL2dQca05J5bUqutlezirdq112uenB9zDi06D2ZG1CklqlThrdO/ZXNaPxRclDBP5Onfjkj/pRXLMgAAAAAAAAAAAAAAAAAAAAAAAA5X3owrWNxkqkZRUsXXnGWV9qMqlSzX6y0fDvOqDlvffDSp47GUbyjOOIqTtprGUnKDs2tGmnpctXifhNbRW0TMfd62fVcpxs4Pwnr6HzeWEsydl6kxsKNe0HON00tWou/T5xebZ2M6r0y31sm3F6JtrSEruy4d6OCO6L8Pf/AKrFavqn/H/Wta8pdEW7ZmOM3QlZSjrdvjmXJ2d/d9V+OUPjt3pU7dpO+i0lxtdq2Wz58+nDgdUPKy2iZ8SiaPxLry/Gn1mytw4/KVf9zPn/AHo8lp58dPIw7Dbv1NHwvw7NT/5V/wCHAzfdGgsO69Sd17uhOT0klZce0uOibtrZK9iY8zplM6rts/CbzQso3XZ09NCVobcg+Zzdgd4qk25vRtt6cNXcyHBbxTXNjavY37Tx8XzK8cTHqaawW9EupN4bed9Sdo7WzFVR694jA6G8N+ZfUtuX5jaumXZ0fcxjlPa1+ZdU9oXJNJm59uR1PFXLiFYIXIAAAAAAAAAAAAAQe8+7GFxsMuIoQqNK0ZWtOP8Ahmu0vC5OADUdb2cui17mtUlTi/0c5XVr8FKztpdcPUlK8LRtLZ8pSsk3DF3zeVSCSXNd6XS5sWVNMpSwkXyKzVeLzDU+OnGV09m4zgl+nwbVk7rivH1fV3x7HYG9/d7Nrxfas5YmjFRzKKaSjFqzUUb0ls6D5IpS2TDoidI3Dn+OyMZ82hCn/wARt+eWKv6lFboYiatUk2r3sr2bfVtts6DexodEFsaHQRuE7ifs0Xh9zZJWUS+pbpzXI3VHZUOh6/NkOg0nvaepbtTXIu6Wwprkza35tj0Pn5tj0Gkd7W1LZU0XtHAyRnn5tj0H5uj0GkdzEqOGkX9CkyfWAXQ+rBoG0dRiy+pIrxwxUjSJQrAAIAAAAAAAAAAAAAAAAAAAAAAAAAAAAAAAAAAB/9k=', '2019-05-27 01:16:34', '2019-06-07 18:02:34'),
(5, 'Dry Martini', 'Trago', 3, '120', 1, 0, 'iVBORw0KGgoAAAANSUhEUgAAAOEAAADhCAMAAAAJbSJIAAAAOVBMVEXz9Pa5vsq2u8jN0dnV2N/o6u7w8fTi5OnFydO+ws3f4ee6v8vY2+H29/jy9Pbu7/LJztbCx9HR1ty/NMEIAAAC8ElEQVR4nO3b67ZrMBiFYaSh1HHd/8XuFap1SFolXb7s8T4/18EwOyNCiSIAAAAAAAAAAAAAAAAAAAAAAAAAAAAAAAAAAACryrezAy2kulR+lVl6dqip7Jr412Zyeizj7yjODjYqvhRQTMQm/1rC/OxsvapIht3xehDeN1lIOBSrtt+ZW+t1Kh02GrciEvaDNLl4Ph1e+hqvEk4Z94SZ580WchJGJNyHhH/JlrDR+uC+iU6Yqf7c2JXNga0KTlj/xOP5ujuwdpabML0mz1VXUu7eqtyEP5OAvysdvXerYhMWs4C/a+e9uyg1YXVdXh7sXTtLTagXFcaJ2rlVqQmXgzSOu5f76J5shSasylXC/NVJUbknW6kJLx8lNPNu6WhRaMKPRmmtzB+7WpSasNk+09TjmdPeotSEVbfs0HW7LFXjh2FvUWrC1Z1F1yCt1aRtW4tiE0ZqPk4dp4NUzYaypUW5CaNuGtExjdSLz8HSouCEjRqvnuLcceE/b9D+UQhOGFWZys093e7S2IfoqkFbi5ITRv1NDN24ds7SoKVF4QlfsTa4bjHchOmPI+AiYrgJXQ0uB2qoCWt3g4sWQ034qsF5i4EkbBY3ol43OGsxjIT6luvp7NG+DfhsMYSElc7jpHteAL85BhcthpBQ38zPny1uadD8x3C9JT+habD/RXdfu21rsP822fy5/IR9g/GjxXpjg+ZSKoiEY4OPFrc2GEzCR4O9XL87D4aWcNrgEHFzvkASzhv8UAAJVw3+dwkPNRhAwoMNBpDwYIPiEx5uUHzCww1KT1htX7qEmnD9/SEJSXhutgEJSUjC8/lOKPs+jfla7ajh/qPUhP6Q8C+RcJdKUML7W0HK75vA9+/hrmenM8bHgr/y7pqS8O7a43nEb7x/6Pvo3iddPa3njYx3SKMoO37rwu4mo8LIPJB4fLG2lggZoz3d5l6PQuPWahHTzEgXF79KQQUCAAAAAAAAAAAAAAAAAAAAAAAAAAAAp/gHLTI30QIHnooAAAAASUVORK5CYII=', '2019-05-27 01:16:34', '2019-06-07 18:02:34'),
(6, 'Mojito', 'Trago', 3, '120', 1, 0, '/9j/4AAQSkZJRgABAQAAAQABAAD/2wCEAAkGBxISERUTEhIVFRUWGBUXFRUVFRUYExcVFRUXFxUXFRcYHSggGBolGxYVITEhJykrLi4uFx8zODMsNygtLisBCgoKDg0OGxAQGi0lICUtLTcrLS0rLS0rLS0tNS0tLS0tLS4tLS0tLS0tLS0vLSstLS0uLTAtMC4tLystLSstLf/AABEIASIArgMBIgACEQEDEQH/xAAbAAEAAgMBAQAAAAAAAAAAAAAABAUCAwYBB//EADoQAAIBAgMFBQYFAwQDAAAAAAABAgMRBCExBRJBUWEGcYGRsRMiMqHB8CNictHhFDNSJEJT8QdDgv/EABkBAQADAQEAAAAAAAAAAAAAAAABAgMEBf/EACoRAQEAAgEDAwIFBQAAAAAAAAABAhEDBCExEhNBBSIyUeHw8WFxkbHR/9oADAMBAAIRAxEAPwD7iAAAAAAAAAAAAAAAAAAAAAAAAAAAAAAAAAAAAAAAAAAAAAAGMqkU7NpN6JtXItk8jIAEgAAAAAAAAAAAAAAAAAAAAAHkpJK7yS4npVdocZCnSe /dWcuts0upny8k48LlV PC55TGPcVj1NWpysuMlrb8t1p18uaqKOMoSm6acJNaq6nK35m7t JxmK7SV8RKvRhu045wVRtqUZK0pXlaz93eXgUkaDp0lXgtydFXlF576bikrrVyve7zST7zw Xly5bvLy93i6D0497r9/L67hcS4SWbcHaLi3fdbdlJXztfK3UvDgtg7WVenG6lB1IrXWEnmln3p3O02biPaU1J65qX6ouz9Dr nc1u O39Pzn nmdXxXHukgA9VxAAAAAAAAAAAAGFWoopybslqBmRMbtGFJXbu S1/grMXtlyuoe6rP3n8XguBW0sO5yW4m9b7991dSly7dmkw15WU9tTupbq3W3ZLOTtrdljQ2nSk0k7N88vAr50orJ2bVopLJ820n6FbtjAzheSejTTWWj1a46/Mt8I7W6dZWqqKuz5F2r248RVnGNRxjTb/2uzV1FyX TTv0eVjssTtKpUw7jGyleyu3ZJrN82l73yKjA9n6CS/Ee/ZK8ox3Xu6LoeV1fr58/Rh4n9fNet9Py4unnucnn4/6p6Oz4whuqO65KU2m7uLcWk0lrdwTtdcc8zRtOjCdOnTt7rtNtRe62rNvnu8ujXedFhdmKnD2Wqa1ybSct5fNpdySKTa1GfwS3luwipShD8K0bbq0Wedrt2u3qefz8HJx6yy/h6fT9Rhy5WS P3tX7Pr1faus3eE52s GiVrZLKyt9v6r2YnenN8HO/i4RuvM c18NTp0aVK8Y1JNST301NRbcbx13r2W8 B9A7GRth3l/7Knqb9D36mf2ri pavDufnpfAA994AAAAAAAAAAABC2w37J242uTSq2lNybjdpLlxyIs3Ey6qkoRtNOL/nmmW0aeSc5f9cCPDCpLJ5 BKne1sr2Ixmotld3bDE1k3m1dJNZcndPlwZW4yrObc8rXvu5q3DPmT4xbd3q8rmFXCykrZfUmbR2VcMPvSi7XybVrv4rp2XPUk4ilvXipJOOTi72V9eT0N Ewrgs0pa8WvOx5UwKe83F70ne99E9d0yuHnXy1nJvW74QcHilUlKjCLe77zmt3dVsuL9L6mO1dnOrTlB/E1mouW7zjmrNq6XzRZ4PCwhH3Vuvja2aWdm t38uRjDDNS3opO 8s3kovRL9 LI9veOsp5X92Y5erG Hy/Y y97ERhuK6ee7FRUYx3ZXy14fdkfQ9jKUJXbylUlGK/wDt3l0StmSaGylGUpq28 L1te 7fjZihs6UGpb1 MrZatyyz8Th6bpeTj6i5Wdtdr/h2dV1mPNx626kEPAVpNWlm ZMPVeSAAAAAAAAAAAUW2q7hUVlqrvzL057tIvxIPo/UL4SXLVFV0lxaX3Y8/ruaNO/7qNVWaSItaTjlrf/AF0Lv55q/guLI K2rK27FeL1INk5X4GdSC7u9sr6mns4yt0Mc5a5L6kyrXjJRftEs81vLS3C/p0KeUlbJ6Gib5Mpln2a4dPLV9h6yjH 5d9ZJt5a5ZGuvtGnDee85PmrvwsskUm845vTuu/4NWJqOSus23zy 8tSl5dTs0nRzLLvey7w 3oyydN355eF88uBu2ni3CCiuKXvaP5feZz Dh7yXFst9sPNdyRHT8mWW7krz8GGGUmLqdlf2YPnFEsi7K/s0/0r0JR1POvkAAQAAAAAAAAFD2l KHj9C KXtGvgfeF8PxK1v3URapJ/2keUbkV1YdkenLM8rVG7O RnVjbMwULvNaGdbYyW7aXz RhKF30z6sl1MK3no9PI0ezaVmnfpx6cjHJvLNbQ6t961rrhe3mFBwTzzb/g3bsr5wazXVeayNsqN7XM8MfVtrlyakjzZVJ793r9CdtLNmrAwszfjFdnVx4enHUcfLyerPbrNmq1Gn iPoiSacIrU4L8sfQ3Grzb5AAEAAAAAAAABTdpPhj3v6FyU/aX4Iv81vNP9gvx/iinTyNE5G6OhpkiK7IwnBniRIpwu nHUlQoPJr765ldK3k12Q96 a  fgbINWu198Da4Wf7GqUCLjEzka8Q1lZZffM0OP3fMzm89G30z9DyUunyJxml7WzDrM21tUeUD2s813l45sr9zrqHwx7l6GZjT0XcjIOcAAAAAAAAAAAqO06/BT5SX1RblX2lX nl3x9Qvhfuigou6PGjyhojOxLpt7sFUtb743N6rLXTgk C4mqVNhU/IjSLqttXE5O1vDTMhSfG9uZvjTyzyZhKmNIlkaYx6vvvnmN zPasbcb5Z8u7qR98it8O8TqMxWl7ytzRroSFLOrFfmXqTPDHLH7tu5R6AHIAAAAAAAAAAAV 31/p5931LAhbZjehUX5QnHy5bCv3TaQ8JPIlwdyze3ukJ5GyCTy /FcTVSXcbKdVRebWXIhTaRKjlnrwVs0vDLma6t913tZWsraN66m lLefxRtqRcViVlmms7q dtNEQTe1djIu37L7uV7gWs7uLv4LPLTPyZDmkQ7MLZGVBG7Z8b14fqXqaoMkbHd68O8t8Mc/l2YAIcgAAAAAAAAAABH2gr0p/pl6MkGuuvdl3P0A4DDyN6myPSWbJMYEuuxhOUuZ4pz/AMn55Zm908jW6avr xB2LTSzur6Pi146mKa 7m2rHL4r93J8SKteL9PPgQvNN1SfXMyklzuFTXHLq19s93Bs7sEStgq Ij4v5GicbIl9mo3rp8lL9vqWZ5ZfbXXgAhygAAAAAAAAAAHklkegD5zRdpyXV pNgyNiYWr1FynL1ZLpotXV6txnGWVjb7OKenDLv hrgs9G/voWODpPiueq05FWdqrqwu9NeWSSy4eDzNcaTXBPgy/dCzvxfDLK1rWRjPDJvLy43CZnYp3GNuok RNrYbLT74kd0LEaX9xGraE/spH8WT5RfzaK vGyLnsnT OXcizPK9nQgAhiAAAAAAAAAAAAAOI2rTtianffzszbRgZdoVbFPrGL h7ReRb4a43slYSKTJ1N2XX6EKgrljTprV5feRVFZez4vuMY0n4fMlxmnkFTyCNolWHcyrrxZczRXYymEyqXEI6DsvH8JvnL0KHEo6Ts7G1BdW39PoTVclmACFQAAAAAAAAAAAABzHaij LCXONvJt/Ui0S37S0Lxg1wfyZU0S0XlS6ESUm/8n8v2IlFllQgQVgt5u7u /8Ag9pynd3lYmwSNNeCYRtpqYiSV8mRMRW3jfVRG3FcG1RtCR1exIWoQ7jlNpW3suZ2eDhu04R5RivJIVFrcACEAAAAAAAAAAAAACq7R19ykpcN5J9zvn52KGlWvodPtekpUKiaveMvTXwPnOAxrsTEyuqpTzJ Hq5nPYas5aFrh/aLSITtcqdlcj1a5jGrUtnSbI9ajUee40Qgr1iNUxFlcwr0prVW72VeIx25qr9OAQx9pv1YR5yivNn0BHzrstN1cbHlFOVvQ igAAAAAAAAAAAAAAAAY1I3TXNNeZ8npUHGpUj/AIykvmfWjg9q7OqPETq04q0npf558WBhgItM6nAM53D1lF /Fx70y5wmJi/hlHzQF7ATI1KrLp5o9q1XbMCs2o8jj9oUpN5I63F4umvikvO5V4vEynlRpt9bbq82BH/8fYZ 2qza0il5v/s7w5/sfh3CnNTXvuV5O97p6eWZ0AAAAAAAAAAAAAAAAAGNR2T7mVPsi1rLIj yAhqmYvCwesIvvSJ3sj1UwK/ gp/8cfJD gp/8cfJFjuDcAgKhFaRS7kg6ZNdM89kBp2bC0n1X1LIjUYWZJAAAAAAAAAAAAAAAAA8aPN0yAGNhumQAx3RYyAGNhumQAxSMgAAAAAAAAAAAAAAAAAAAAAAAAAAAAAAAAAAAAAAD//Z', '2019-05-27 01:16:34', '2019-06-07 18:02:34'),
(7, 'Margarita', 'Trago mexicano', 3, '170', 1, 5, '', '2019-05-27 01:16:34', '2019-06-07 18:02:34'),
(8, 'Frozen Margarita', 'Trago', 3, '222', 1, 0, '/9j/4AAQSkZJRgABAQAAAQABAAD/2wCEAAkGBxISERUTEhIVFRUWGBUXFRUVFRUYExcVFRUXFxUXFRcYHSggGBolGxYVITEhJykrLi4uFx8zODMsNygtLisBCgoKDg0OGxAQGi0lICUtLTcrLS0rLS0rLS0tNS0tLS0tLS4tLS0tLS0tLS0vLSstLS0uLTAtMC4tLystLSstLf/AABEIASIArgMBIgACEQEDEQH/xAAbAAEAAgMBAQAAAAAAAAAAAAAABAUCAwYBB//EADoQAAIBAgMFBQYFAwQDAAAAAAABAgMRBCExBRJBUWEGcYGRsRMiMqHB8CNictHhFDNSJEJT8QdDgv/EABkBAQADAQEAAAAAAAAAAAAAAAABAgMEBf/EACoRAQEAAgEDAwIFBQAAAAAAAAABAhEDBCExEhNBBSIyUeHw8WFxkbHR/9oADAMBAAIRAxEAPwD7iAAAAAAAAAAAAAAAAAAAAAAAAAAAAAAAAAAAAAAAAAAAAAAGMqkU7NpN6JtXItk8jIAEgAAAAAAAAAAAAAAAAAAAAAHkpJK7yS4npVdocZCnSe/dWcuts0upny8k48LlVPC55TGPcVj1NWpysuMlrb8t1p18uaqKOMoSm6acJNaq6nK35m7tJxmK7SV8RKvRhu045wVRtqUZK0pXlaz93eXgUkaDp0lXgtydFXlF576bikrrVyve7zST7zwXly5bvLy93i6D0497r9/L67hcS4SWbcHaLi3fdbdlJXztfK3UvDgtg7WVenG6lB1IrXWEnmln3p3O02biPaU1J65qX6ouz9Drnc1uO39PznnmdXxXHukgA9VxAAAAAAAAAAAAGFWoopybslqBmRMbtGFJXbuS1/grMXtlyuoe6rP3n8XguBW0sO5yW4m9b7991dSly7dmkw15WU9tTupbq3W3ZLOTtrdljQ2nSk0k7N88vAr50orJ2bVopLJ820n6FbtjAzheSejTTWWj1a46/Mt8I7W6dZWqqKuz5F2r248RVnGNRxjTb/2uzV1FyXTTv0eVjssTtKpUw7jGyleyu3ZJrN82l73yKjA9n6CS/Ee/ZK8ox3Xu6LoeV1fr58/Rh4n9fNet9Py4unnucnn4/6p6Oz4whuqO65KU2m7uLcWk0lrdwTtdcc8zRtOjCdOnTt7rtNtRe62rNvnu8ujXedFhdmKnD2Wqa1ybSct5fNpdySKTa1GfwS3luwipShD8K0bbq0Wedrt2u3qefz8HJx6yy/h6fT9Rhy5WSP3tX7Pr1faus3eE52sGiVrZLKyt9v6r2YnenN8HO/i4RuvMc18NTp0aVK8Y1JNST301NRbcbx13r2W8B9A7GRth3l/7Knqb9D36mf2ripavDufnpfAA994AAAAAAAAAAABC2w37J242uTSq2lNybjdpLlxyIs3Ey6qkoRtNOL/nmmW0aeSc5f9cCPDCpLJ5BKne1sr2Ixmotld3bDE1k3m1dJNZcndPlwZW4yrObc8rXvu5q3DPmT4xbd3q8rmFXCykrZfUmbR2VcMPvSi7XybVrv4rp2XPUk4ilvXipJOOTi72V9eT0NEwrgs0pa8WvOx5UwKe83F70ne99E9d0yuHnXy1nJvW74QcHilUlKjCLe77zmt3dVsuL9L6mO1dnOrTlB/E1mouW7zjmrNq6XzRZ4PCwhH3Vuvja2aWdmt38uRjDDNS3opO8s3kovRL9LI9veOsp5X92Y5erGHy/Yy97ERhuK6ee7FRUYx3ZXy14fdkfQ9jKUJXbylUlGK/wDt3l0StmSaGylGUpq28L1te7fjZihs6UGpb1MrZatyyz8Th6bpeTj6i5Wdtdr/h2dV1mPNx626kEPAVpNWlmZMPVeSAAAAAAAAAAAUW2q7hUVlqrvzL057tIvxIPo/UL4SXLVFV0lxaX3Y8/ruaNO/7qNVWaSItaTjlrf/AF0Lv55q/guLIK2rK27FeL1INk5X4GdSC7u9sr6mns4yt0Mc5a5L6kyrXjJRftEs81vLS3C/p0KeUlbJ6Gib5Mpln2a4dPLV9h6yjH5d9ZJt5a5ZGuvtGnDee85PmrvwsskUm845vTuu/4NWJqOSus23zy8tSl5dTs0nRzLLvey7w3oyydN355eF88uBu2ni3CCiuKXvaP5feZzDh7yXFst9sPNdyRHT8mWW7krz8GGGUmLqdlf2YPnFEsi7K/s0/0r0JR1POvkAAQAAAAAAAAFD2lKHj9CKXtGvgfeF8PxK1v3URapJ/2keUbkV1YdkenLM8rVG7ORnVjbMwULvNaGdbYyW7aXzRhKF30z6sl1MK3no9PI0ezaVmnfpx6cjHJvLNbQ6t961rrhe3mFBwTzzb/g3bsr5wazXVeayNsqN7XM8MfVtrlyakjzZVJ793r9CdtLNmrAwszfjFdnVx4enHUcfLyerPbrNmq1GniPoiSacIrU4L8sfQ3Grzb5AAEAAAAAAAABTdpPhj3v6FyU/aX4Iv81vNP9gvx/iinTyNE5G6OhpkiK7IwnBniRIpwunHUlQoPJr765ldK3k12Q96afgbINWu198Da4Wf7GqUCLjEzka8Q1lZZffM0OP3fMzm89G30z9DyUunyJxml7WzDrM21tUeUD2s813l45sr9zrqHwx7l6GZjT0XcjIOcAAAAAAAAAAAqO06/BT5SX1RblX2lXnl3x9Qvhfuigou6PGjyhojOxLpt7sFUtb743N6rLXTgkC4mqVNhU/IjSLqttXE5O1vDTMhSfG9uZvjTyzyZhKmNIlkaYx6vvvnmNzPasbcb5Z8u7qR98it8O8TqMxWl7ytzRroSFLOrFfmXqTPDHLH7tu5R6AHIAAAAAAAAAAAV31/p5931LAhbZjehUX5QnHy5bCv3TaQ8JPIlwdyze3ukJ5GyCTy/FcTVSXcbKdVRebWXIhTaRKjlnrwVs0vDLma6t913tZWsraN66mlLefxRtqRcViVlmms7qdtNEQTe1djIu37L7uV7gWs7uLv4LPLTPyZDmkQ7MLZGVBG7Z8b14fqXqaoMkbHd68O8t8Mc/l2YAIcgAAAAAAAAAABH2gr0p/pl6MkGuuvdl3P0A4DDyN6myPSWbJMYEuuxhOUuZ4pz/AMn55Zm908jW6avrxB2LTSzur6Pi146mKa7m2rHL4r93J8SKteL9PPgQvNN1SfXMyklzuFTXHLq19s93Bs7sEStgqIj4v5GicbIl9mo3rp8lL9vqWZ5ZfbXXgAhygAAAAAAAAAAHklkegD5zRdpyXVpNgyNiYWr1FynL1ZLpotXV6txnGWVjb7OKenDLvhrgs9G/voWODpPiueq05FWdqrqwu9NeWSSy4eDzNcaTXBPgy/dCzvxfDLK1rWRjPDJvLy43CZnYp3GNuokRNrYbLT74kd0LEaX9xGraE/spH8WT5RfzaKvGyLnsnTOXcizPK9nQgAhiAAAAAAAAAAAAAOI2rTtianffzszbRgZdoVbFPrGLh7ReRb4a43slYSKTJ1N2XX6EKgrljTprV5feRVFZez4vuMY0n4fMlxmnkFTyCNolWHcyrrxZczRXYymEyqXEI6DsvH8JvnL0KHEo6Ts7G1BdW39PoTVclmACFQAAAAAAAAAAAABzHaijLCXONvJt/Ui0S37S0Lxg1wfyZU0S0XlS6ESUm/8n8v2IlFllQgQVgt5u7u/8Ag9pynd3lYmwSNNeCYRtpqYiSV8mRMRW3jfVRG3FcG1RtCR1exIWoQ7jlNpW3suZ2eDhu04R5RivJIVFrcACEAAAAAAAAAAAAACq7R19ykpcN5J9zvn52KGlWvodPtekpUKiaveMvTXwPnOAxrsTEyuqpTzJHq5nPYas5aFrh/aLSITtcqdlcj1a5jGrUtnSbI9ajUee40Qgr1iNUxFlcwr0prVW72VeIx25qr9OAQx9pv1YR5yivNn0BHzrstN1cbHlFOVvQigAAAAAAAAAAAAAAAAY1I3TXNNeZ8npUHGpUj/AIykvmfWjg9q7OqPETq04q0npf558WBhgItM6nAM53D1lF/Fx70y5wmJi/hlHzQF7ATI1KrLp5o9q1XbMCs2o8jj9oUpN5I63F4umvikvO5V4vEynlRpt9bbq82BH/8fYZ2qza0il5v/s7w5/sfh3CnNTXvuV5O97p6eWZ0AAAAAAAAAAAAAAAAAGNR2T7mVPsi1rLIjyAhqmYvCwesIvvSJ3sj1UwK/gp/8cfJDgp/8cfJFjuDcAgKhFaRS7kg6ZNdM89kBp2bC0n1X1LIjUYWZJAAAAAAAAAAAAAAAAA8aPN0yAGNhumQAx3RYyAGNhumQAxSMgAAAAAAAAAAAAAAAAAAAAAAAAAAAAAAAAAAAAAAD//Z', '2019-05-27 01:16:34', '2019-06-07 18:02:34'),
(9, 'Locro', 'Plato argentino', 5, '110', 1, 0, '/9j/4AAQSkZJRgABAQAAAQABAAD/2wBDAAUDBAQEAwUEBAQFBQUGBwwIBwcHBw8LCwkMEQ8SEhEPERETFhwXExQaFRERGCEYGh0dHx8fExciJCIeJBweHx7/2wBDAQUFBQcGBw4ICA4eFBEUHh4eHh4eHh4eHh4eHh4eHh4eHh4eHh4eHh4eHh4eHh4eHh4eHh4eHh4eHh4eHh4eHh7/wAARCAA+AEgDASIAAhEBAxEB/8QAHwAAAQUBAQEBAQEAAAAAAAAAAAECAwQFBgcICQoL/8QAtRAAAgEDAwIEAwUFBAQAAAF9AQIDAAQRBRIhMUEGE1FhByJxFDKBkaEII0KxwRVS0fAkM2JyggkKFhcYGRolJicoKSo0NTY3ODk6Q0RFRkdISUpTVFVWV1hZWmNkZWZnaGlqc3R1dnd4eXqDhIWGh4iJipKTlJWWl5iZmqKjpKWmp6ipqrKztLW2t7i5usLDxMXGx8jJytLT1NXW19jZ2uHi4+Tl5ufo6erx8vP09fb3+Pn6/8QAHwEAAwEBAQEBAQEBAQAAAAAAAAECAwQFBgcICQoL/8QAtREAAgECBAQDBAcFBAQAAQJ3AAECAxEEBSExBhJBUQdhcRMiMoEIFEKRobHBCSMzUvAVYnLRChYkNOEl8RcYGRomJygpKjU2Nzg5OkNERUZHSElKU1RVVldYWVpjZGVmZ2hpanN0dXZ3eHl6goOEhYaHiImKkpOUlZaXmJmaoqOkpaanqKmqsrO0tba3uLm6wsPExcbHyMnK0tPU1dbX2Nna4uPk5ebn6Onq8vP09fb3+Pn6/9oADAMBAAIRAxEAPwCHwP4Rn1a01PUGcpJYwrIIo88g5yTj0wPzp8a6klu6tfq6n5CGQKVHTr/WtXxN4i13wbaLrPh3R7i7uY22zyAfuWi/iXHU5x+HWs+3+JfgTxfaRJCjaLrhOZIrrcGl4JOGHyt9eDXXm6oVsQ3Tknp1/wCCefgfbKkueLTuT+GPDHhk3JXUfEdxPKjAMIISsYJ9CTk/XFd5DB4E011B1EkrxgLIS39DXja+MNF0jWbkXJ/tQOU8mOLdkMM5xgj196W++IEc0hWH4f6iZFPIe6dD/wB8la+V9l9XVoRhfvJO59DFVKzvUcreVj3GHx54R02I2+ni6llCkqgjCD8azf8AhI11/Uha6hZuI52xFH/tA8A+xya8dPxBubULdW3wyuLaU/L9pO6c/gDxW54R+LngyC8ivtZh1aC9gbeEktwFZ+MZbJxz7V20MRXqVI801yrtojGvhIRg+WLbffVnVfEKPWbO4cW080MDYO0t8oU8j6Yrx02M/izULzX7iRhZWjG1sPNziR1+/IR12qDk9OWC5r0fx54xfxVpyWWhXltPcam5UPCQywR/xE4zwMgY5zkD+IU59HstO0K0tBt+z2kITaW6YHO7sSSSxPck+uK3ny6qOl/yOWzWrOMtNb03TdMXStNnmaOPJcwx8u2cli2OporFvsC7nmhIIBx7Hn0/GitoRdtDOTVzsrfXNRiRopZ8KflUNyMnp+A5/KuWexk1ebUJtH08x2oYieWLCb25JUHHHTp/k9P8WBbWviS30uwnV5xZmRyvQOzEbc98BR/31WVpF1ZeHIYYpbi4ltJGEkkQ+URsAPvfjzXk4utPCQ5Ptfkexg6Eai57bkOgQ6G4eO1gtra4WMtLHIAW3KMHDHkjP6nFdhIDp0FsdSuxZiRdqKqBg5BJ54IB+o/Os2DVPCV3qQnt7mxN0SMxzSKjHGOQVXPb/Oa1Lh0i08mSaO6guGdQS+4qD1QNgdQOvB4NfKznCrK8rpvuevytLYjuNVTyYbmyuZ7iC0bfJvlXCsWK5AC5Yjd1X/8AXleJr7RNRFxr11cXjMQY28x2eMt1weARwehyORTZb5raCez0w7bK9UGRJGVnRuMjIA4z7fnXJa/4aDu8sj3FvLuDCEqxAz/vdORXXQrqMXGT0JlRu+aOjFubW+tvCklx4f8AM07zpRLDcpF5Qm2k5UY6AE9upyOQMBvh34iPqQ/sXxCr2moJhN7Hhwen/wCse1aC6tqWl6UNN/sea5W1TdGHVlikU8g+gPJ55BzWB4s8J3etaYdUtbVIpk/exyLgEE9UIA6HHHHv3r18JipOf7zZ7f12OCthoqnsb95AsUI+zxIybugOW/L3oqz8HJX1myiN380tujKit1DDGc/maK9SWJ9m+Wx5MqVmUfilLJY6xZ6uy5SJvKmJ/ut0J/EY/GmXsun65sknu0iN5uDKrbNx+pBG4k5685I4rpvippqXWm3EUSCXfF0x3HI/OvCdJ1p9Klazu0aWzY490/8A1etLG4TnS5TswOKSvGR1lj4YeyRbmTT0ktVkZZHLBgBnB3AHI/Gp7DxZYeH7m2tJEW50/wC0AyJKu7ylwRlR7E/lmus8FeJtGvdNe2vLhrpWU7G3bZFB6rwRuyK5Pxd4bsr5IdM0a08672mTzQG3kdgV3Y/T0968GF1VtiD2ZVXKNoHrVgdI1u0t5bWK1SOcKFdGCg59Dj61Xm8N6tdXHlhoJZY0YxFZUG5VOCeSP8TivFvD2i6xb6XcLDeSpdQ3CgWJcqSRkE89COK62bx5qttbQQrYix1CI/vELMCcY7Zxzz2rKtQpTk1DVeRVOM1/wTqYFSe0MOmLL9pCP55LALtIC+vTn+VZE7XVjdrFe6crqsOwBrgIeepKsNw78YzzXTxwtf6XbaoutLZJPCDdQLgpznOVyM579Tn868819NLs7wTSXou9v3flbbuz0wev5etPBYarKpZa/kZVq0FFm58KTMNVzEWVvNlmIxwAQcnpxyR+dFdJ4e0ief4aeJJ7ZhbaveWbMnlD/VhVJWNc9zyCf9r2FFfVyy+pUSmup87OtByabtYuTNHc2bxynJIJya+dfHGnXFnqE0jp8rMW+Xt/9avZ7m/kiLYztI4Fcfq4t9Ys2guIyDzhx1FKu5YdxXQVK1S76njMd3c20xe3lZMHsa27DxnrFuVzKXx3PWm+JdCbTZseajq3KkDB/GsLbhqtxhNaq5tCrKOiZ3tl8QrxJjNLaq8rHJkKgseMdahvPF63D+ZNpqSuRjLYOfzNcrFIgjywPFS2775PkBU+uaX1KitUh/XKt7HRTeKdYmhEEW22iAxsxjA+nat34f6Vc6rqK3lyXe3hPzyOep/ur/X2o8A+CI9WX7dqd0TbqeIYuC31Pp9K9StbWCBIrK1iSCFOFVRgCtoULRutjKpiG3Znb+AomIIPCMSWyP4QMn8MA0Vn+JdVPhf4ba3q0KF5lsmgix/C8g27vwBP50V7GHlGjBRZ5s6cqsm0f//Z', '2019-05-27 01:16:34', '2019-06-07 18:02:34'),
(10, 'Mondongo', 'El producto de la casa', 5, '150', 1, 0, NULL, '2019-05-27 01:16:34', '2019-06-07 18:02:34'),
(11, 'Destornillador', 'Cocktail hecho de vokda y jugo de naranja.', 3, '200', 1, 0, NULL, '2019-05-27 01:16:34', '2019-06-07 18:02:34'),
(12, 'Paloma', 'Cocktail hecho con tequila y gaseosa de pomelo', 3, '150', 1, 0, NULL, '2019-05-27 01:16:34', '2019-06-07 18:02:34'),
(18, 'Papas Fritas', 'Papas llenas de aceite', 5, '90', 1, 1, NULL, '2019-06-20 21:34:42', '2019-06-20 21:34:42'),
(19, 'testy', 'sdgsagasg', 0, '55', 1, 1, NULL, '2019-06-20 21:36:57', '2019-06-20 21:36:57'),
(20, 'Funciona', 'asasdf', 0, '33', 1, 1, '', '2019-06-20 21:38:15', '2019-06-20 22:04:08'),
(21, 'Escondida', 'Escondida', 0, '9', 1, 1, NULL, '2019-06-20 21:43:19', '2019-06-20 21:43:19'),
(22, 'Modificado', 'testLista', 0, '77', 1, 1, '', '2019-06-20 21:53:18', '2019-06-20 22:01:14'),
(23, 'Test2', 'Test2', 1, '22', 1, 1, NULL, '2019-06-20 22:31:18', '2019-06-20 22:31:18'),
(24, 'ttttttttt', 'fdasasfsfdasf', 5, '4', 1, 1, NULL, '2019-06-20 22:31:51', '2019-06-20 22:31:51');

-- --------------------------------------------------------

--
-- Table structure for table `reservas`
--

CREATE TABLE `reservas` (
  `id` int(11) NOT NULL,
  `id_cliente` int(11) NOT NULL,
  `id_mesa` int(11) DEFAULT NULL,
  `fecha` timestamp NULL DEFAULT NULL,
  `fecha_alta` timestamp NOT NULL DEFAULT CURRENT_TIMESTAMP,
  `confirmada` int(11) NOT NULL DEFAULT '0',
  `comensales` int(11) NOT NULL
) ENGINE=InnoDB DEFAULT CHARSET=latin1;

--
-- Dumping data for table `reservas`
--

INSERT INTO `reservas` (`id`, `id_cliente`, `id_mesa`, `fecha`, `fecha_alta`, `confirmada`, `comensales`) VALUES
(1, 2, 2, '2019-09-01 03:00:00', '2019-05-28 01:47:27', 0, 0),
(2, 2, 2, '2019-09-01 03:00:00', '2019-05-28 01:50:19', 0, 0),
(3, 2, 2, '2019-09-01 03:00:00', '2019-05-28 01:51:20', 1, 0),
(4, 2, NULL, '2019-06-19 05:51:02', '2019-06-19 02:58:37', 0, 0),
(5, 2, NULL, '2019-06-19 08:51:02', '2019-06-19 02:59:07', 0, 0),
(6, 2, NULL, '2019-07-20 01:00:02', '2019-06-19 03:00:57', 0, 4),
(7, 5, NULL, '2019-06-19 13:51:02', '2019-06-19 03:51:02', 0, 4);

-- --------------------------------------------------------

--
-- Table structure for table `rol`
--

CREATE TABLE `rol` (
  `id_rol` int(11) NOT NULL,
  `nombre_rol` varchar(50) NOT NULL
) ENGINE=InnoDB DEFAULT CHARSET=latin1;

--
-- Dumping data for table `rol`
--

INSERT INTO `rol` (`id_rol`, `nombre_rol`) VALUES
(0, 'metre'),
(1, 'socio'),
(2, 'mozo'),
(3, 'bartender'),
(4, 'cervecero'),
(5, 'cocinero'),
(6, 'pastelera'),
(7, 'admin'),
(8, 'metre');

--
-- Indexes for dumped tables
--

--
-- Indexes for table `clientes`
--
ALTER TABLE `clientes`
  ADD PRIMARY KEY (`id_cliente`);

--
-- Indexes for table `cliente_visita`
--
ALTER TABLE `cliente_visita`
  ADD PRIMARY KEY (`id_cliente_visita`);

--
-- Indexes for table `empleados`
--
ALTER TABLE `empleados`
  ADD PRIMARY KEY (`id_empleado`),
  ADD KEY `fk_id_roll` (`id_rol`);

--
-- Indexes for table `encuestas`
--
ALTER TABLE `encuestas`
  ADD PRIMARY KEY (`id_encuesta`);

--
-- Indexes for table `estado_mesa`
--
ALTER TABLE `estado_mesa`
  ADD PRIMARY KEY (`id_estadomesa`);

--
-- Indexes for table `estado_pedidos`
--
ALTER TABLE `estado_pedidos`
  ADD PRIMARY KEY (`id_estado_pedido`);

--
-- Indexes for table `logueos`
--
ALTER TABLE `logueos`
  ADD PRIMARY KEY (`numero`),
  ADD KEY `id_empleado` (`id_empleado`);

--
-- Indexes for table `mesas`
--
ALTER TABLE `mesas`
  ADD PRIMARY KEY (`id_mesa`);

--
-- Indexes for table `pedidos`
--
ALTER TABLE `pedidos`
  ADD PRIMARY KEY (`id`);

--
-- Indexes for table `productos`
--
ALTER TABLE `productos`
  ADD PRIMARY KEY (`id_producto`),
  ADD KEY `id_cocina` (`id_cocina`);

--
-- Indexes for table `reservas`
--
ALTER TABLE `reservas`
  ADD PRIMARY KEY (`id`);

--
-- Indexes for table `rol`
--
ALTER TABLE `rol`
  ADD PRIMARY KEY (`id_rol`);

--
-- AUTO_INCREMENT for dumped tables
--

--
-- AUTO_INCREMENT for table `clientes`
--
ALTER TABLE `clientes`
  MODIFY `id_cliente` int(11) NOT NULL AUTO_INCREMENT, AUTO_INCREMENT=17;

--
-- AUTO_INCREMENT for table `cliente_visita`
--
ALTER TABLE `cliente_visita`
  MODIFY `id_cliente_visita` int(11) NOT NULL AUTO_INCREMENT, AUTO_INCREMENT=20;

--
-- AUTO_INCREMENT for table `encuestas`
--
ALTER TABLE `encuestas`
  MODIFY `id_encuesta` int(11) NOT NULL AUTO_INCREMENT;

--
-- AUTO_INCREMENT for table `logueos`
--
ALTER TABLE `logueos`
  MODIFY `numero` int(11) NOT NULL AUTO_INCREMENT;

--
-- AUTO_INCREMENT for table `mesas`
--
ALTER TABLE `mesas`
  MODIFY `id_mesa` int(11) NOT NULL AUTO_INCREMENT, AUTO_INCREMENT=18;

--
-- AUTO_INCREMENT for table `pedidos`
--
ALTER TABLE `pedidos`
  MODIFY `id` int(11) NOT NULL AUTO_INCREMENT, AUTO_INCREMENT=44;

--
-- AUTO_INCREMENT for table `productos`
--
ALTER TABLE `productos`
  MODIFY `id_producto` int(11) NOT NULL AUTO_INCREMENT, AUTO_INCREMENT=25;

--
-- AUTO_INCREMENT for table `reservas`
--
ALTER TABLE `reservas`
  MODIFY `id` int(11) NOT NULL AUTO_INCREMENT, AUTO_INCREMENT=8;
COMMIT;

/*!40101 SET CHARACTER_SET_CLIENT=@OLD_CHARACTER_SET_CLIENT */;
/*!40101 SET CHARACTER_SET_RESULTS=@OLD_CHARACTER_SET_RESULTS */;
/*!40101 SET COLLATION_CONNECTION=@OLD_COLLATION_CONNECTION */;
